Id	Name	Peak(min)	Error	Score
YDR097C	MSH6	50	1.828	5.63
YDL003W	MCD1	57	2.215	9.91
YKL045W	PRI2	44.5	1.285	5.88
YBL035C	POL12	45	1.398	8.07
YOL007C	YOL007C	51	1.454	8.41
YLR103C	CDC45	45.5	1.263	11.64
YBR088C	POL30	49	1.145	12.64
YPL153C	RAD53	37.5	1.823	4.21
YOL090W	MSH2	47	1.405	6.50
YOL017W	ESC8	46.5	1.878	5.96
YLR183C	TOS4	48	2.229	11.68
YAR007C	RFA1	170	NQ	2.01
YAR007C	RFA1	50	NQ	3.75
YNL082W	PMS1	49.5	1.518	3.55
YCL024W	KCC4	42.5	1.062	6.61
YPR135W	CTF4	255.5	NQ	1.87
YPR135W	CTF4	47.5	NQ	2.75
YPL256C	CLN2	51.5	1.252	15.60
YMR179W	SPT21	42.5	3.733	5.32
YPR175W	DPB2	40	0.939	6.70
YNL233W	BNI4	32	2.190	4.06
YER070W	RNR1	47	1.205	22.66
YNL273W	TOF1	263.5	NA	1.42
YNL273W	TOF1	44	1.485	4.24
YOR074C	CDC21	46.5	1.064	11.55
YGR221C	YGR221C	47.5	2.231	4.52
YDR507C	GIN4	45.5	1.150	9.07
YDL156W	YDL156W	31	4.392	2.84
YML027W	YOX1	53	1.916	17.51
YGR109C	CLB6	47	3.452	3.98
YJL115W	ASF1	48.5	2.755	3.90
YJL115W	ASF1	96	NA	1.51
YGR152C	RSR1	19	2.533	8.20
YPR018W	RLF2	45	2.860	4.75
YOR144C	ELG1	45.5	3.148	3.98
YCL061C	MRC1	48.5	1.476	5.62
YPR174C	YPR174C	43	NQ	2.48
YPL267W	YPL267W	43.5	1.134	9.98
YJL074C	SMC3	53	0.794	7.55
YIL140W	AXL2	50.5	2.310	6.37
YAR008W	SEN34	43.5	1.128	5.91
YKL113C	RAD27	47.5	1.680	5.71
YNL312W	RFA2	49	1.899	5.35
YBR070C	YBR070C	157	NA	1.80
YBR070C	YBR070C	45.5	1.201	5.72
YLL022C	YLL022C	274.5	NA	1.61
YLL022C	YLL022C	49.5	66.507	1.96
YDL101C	DUN1	177.5	NA	1.26
YDL101C	DUN1	47.5	1.530	3.39
YLR313C	SPH1	42.5	2.336	3.91
YLR383W	RHC18	54.5	1.549	3.86
YHR153C	SPO16	55.5	1.344	3.28
YNL309W	STB1	38.5	1.101	4.11
YLR212C	TUB4	46	2.155	2.82
YMR078C	CTF18	52.5	1.237	8.77
YDR440W	DOT1	43.5	1.401	4.12
YGR189C	CRH1	173.5	NQ	4.98
YGR189C	CRH1	51.5	NQ	2.84
YOR033C	EXO1	33.5	3.343	4.70
YCR065W	HCM1	33.5	1.951	3.92
YLR032W	RAD5	148.5	NQ	1.25
YLR032W	RAD5	36.5	NQ	2.90
YKL101W	HSL1	62	2.612	5.78
YPL208W	YPL208W	49	NQ	3.08
YHL050C	YHL050C	131	NQ	2.02
YHL050C	YHL050C	39	NQ	3.76
YML020W	YML020W	45	NQ	2.71
YDR279W	YDR279W	123	NQ	1.35
YDR279W	YDR279W	39.5	NQ	2.66
YDL103C	QRI1	109	NA	1.39
YDL103C	QRI1	46	1.347	3.48
YDL164C	CDC9	45.5	1.183	6.54
YNL072W	YNL072W	51	1.873	5.17
YOR321W	PMT3	194	NQ	1.47
YOR321W	PMT3	50	NQ	4.23
YGL038C	OCH1	48	NQ	4.31
YMR199W	CLN1	49	0.902	8.66
YLR121C	YPS3	174.5	NA	0.94
YLR121C	YPS3	49.5	6.430	2.18
YNL262W	POL2	46.5	1.602	5.41
YJL187C	SWE1	59	1.848	9.85
YHR218W	YHR218W	124.5	NQ	1.76
YHR218W	YHR218W	42	NQ	3.83
YKR013W	PRY2	48	0.760	20.60
YIL177C	YIL177C	132.5	NQ	2.87
YIL177C	YIL177C	44	NQ	2.56
YJR030C	YJR030C	41.5	0.764	11.63
YLR467W	YRF1-5	208	NQ	1.39
YLR467W	YRF1-5	46.5	NQ	4.08
YDL211C	YDL211C	50	NQ	3.88
YBR071W	YBR071W	164	1.476	6.87
YBR071W	YBR071W	47	NA	2.27
YML061C	PIF1	59	4.488	3.30
YFL008W	SMC1	116	NA	1.63
YFL008W	SMC1	47	1.115	4.65
YPL163C	SVS1	56.5	1.341	17.31
YLL002W	RTT109	47.5	1.652	4.83
YNL339C	YRF1-6	36	NQ	4.37
YDL018C	ERP3	144	NQ	3.73
YDL018C	ERP3	48	NQ	3.45
YNL310C	YNL310C	114	NQ	1.78
YNL310C	YNL310C	44.5	NQ	3.07
YML102W	CAC2	109	NA	1.97
YML102W	CAC2	35.5	1.416	3.70
YNL334C	SNO2	41	2.158	7.02
YOR195W	SLK19	189.5	NQ	1.43
YOR195W	SLK19	52.5	NQ	3.13
YER111C	SWI4	161	1.548	3.01
YER111C	SWI4	43.5	NA	2.41
YBR073W	RDH54	48.5	6.032	2.71
YER095W	RAD51	154	45.457	2.43
YER095W	RAD51	44	NA	1.28
YNL289W	PCL1	53.5	2.941	23.03
YMR076C	PDS5	55	1.428	8.22
YHR127W	YHR127W	257.5	NQ	0.96
YHR127W	YHR127W	51	NQ	2.80
YDL102W	CDC2	43	3.876	2.98
YPL124W	SPC29	57	5.369	6.92
YKL089W	MIF2	34	NQ	3.81
YIL026C	IRR1	50	1.198	5.87
YDR503C	LPP1	42.5	NQ	4.52
YDL197C	ASF2	162.5	NQ	2.88
YDL197C	ASF2	46	NQ	2.20
YPL255W	BBP1	52	2.640	4.84
YHR149C	YHR149C	27.5	1.328	11.16
YER001W	MNN1	37.5	2.170	8.63
YNL102W	POL1	47	1.375	9.91
YKR090W	YKR090W	193.5	NA	1.03
YKR090W	YKR090W	57	4.532	3.12
YDL093W	PMT5	158	NQ	0.91
YDL093W	PMT5	45.5	NQ	2.66
YGR296W				
YLR464W	YLR464W	46.5	NQ	2.72
YKL165C	MCD4	45.5	1.476	5.55
YHR154W	RTT107	49.5	NQ	7.62
YNL304W	YPT11	43	NQ	1.96
YBR275C	RIF1	49.5	3.800	4.76
YNL300W	YNL300W	51.5	1.360	17.62
YHR219W				
YDR400W	URH1	33.5	1.817	6.49
YNL181W	YNL181W	224	NQ	1.31
YNL181W	YNL181W	56	NQ	2.01
YLL067C	YLL067C	129	NQ	1.63
YLL067C	YLL067C	41	NQ	4.12
YNL231C	PDR16	13	NQ	4.04
YNL231C	PDR16	78	NQ	2.67
YFL067W	YFL067W	NA	NQ	
YML060W	OGG1	12.5	1.199	5.67
YMR048W	CSM3	49.5	2.029	5.87
YOR114W	YOR114W	163	NQ	1.89
YOR114W	YOR114W	59.5	NQ	3.56
YGL027C	CWH41	51	1.116	4.47
YBR087W	RFC5	15	NA	1.99
YBR087W	RFC5	56.5	15.213	3.43
YGL207W	SPT16	187	NQ	1.85
YGL207W	SPT16	51.5	NQ	1.81
YJR043C	POL32	NA	NQ	
YJR006W	HYS2	142	NQ	1.95
YJR006W	HYS2	51.5	NQ	2.95
YDR113C	PDS1	55.5	2.014	6.95
YLR233C	EST1	137.5	NQ	2.60
YJL225C	YJL225C	142.5	NQ	2.18
YJL225C	YJL225C	35	NQ	1.44
YJL019W	MPS3	69	76.891	1.71
YPL221W	YPL221W	124.5	NQ	2.07
YPL221W	YPL221W	12	NQ	3.26
YGL061C	DUO1	57	2.980	4.92
YNL263C	YIF1	170.5	NA	1.75
YNL263C	YIF1	36.5	2.065	2.20
YNL206C	RTT106	219.5	NQ	2.24
YNL206C	RTT106	27.5	NQ	2.87
YJL072C	PSF2	299.5	NQ	1.82
YJL072C	PSF2	54	NQ	1.37
YFL068W	YFL068W	135	NQ	1.57
YFL068W	YFL068W	31.5	NQ	2.11
YOL019W	YOL019W	48.5	1.938	5.44
YBL111C				
YML119W	YML119W	150.5	4.019	2.79
YML119W	YML119W	206	NA	1.61
YIL066C	RNR3	256	NQ	
YER190W				
YEL077C				
YLR466W	YRF1-4	140.5	NQ	1.35
YLR466W	YRF1-4	38	NQ	3.11
YNL272C	SEC2	46.5	NQ	2.06
YMR032W	HOF1	138	3.323	13.15
YLR049C	YLR049C	162.5	NQ	2.82
YLR049C	YLR049C	39.5	NQ	3.71
YFL066C				
YMR029C	FAR8	152	3.667	3.49
YMR029C	FAR8	46.5	NA	1.45
YJL073W	JEM1	46.5	1.905	3.70
YGR153W	YGR153W	60.5	NQ	3.31
YDL095W	PMT1	35	2.882	4.31
YER118C	SHO1	20.5	1.772	5.26
YBR038W	CHS2	135.5	6.352	11.08
YKL042W	SPC42	50	NA	3.62
YBR233W	PBP2	139	NQ	2.03
YBR233W	PBP2	41.5	NQ	1.32
YFR041C	YFR041C	50	NQ	3.56
YLR382C	NAM2	56.5	NQ	4.14
YJL181W	YJL181W	38.5	1.137	4.75
YPL057C	SUR1	173.5	2.268	3.93
YMR001C	CDC5	105.5	24.117	4.34
YLL066C	YLL066C	132	NQ	1.69
YLL066C	YLL066C	35.5	NQ	2.69
YLR190W	MMR1	121	2.589	4.14
YLR190W	MMR1	183	NA	1.49
YJL173C	RFA3	248.5	NA	2.33
YJL173C	RFA3	54	0.842	5.25
YOR288C	MPD1	44.5	NQ	6.89
YPL209C	IPL1	136.5	NA	1.28
YPL209C	IPL1	50.5	2.273	2.85
YER149C	PEA2	17	2.010	2.79
YER149C	PEA2	86.5	NA	1.83
YPR119W	CLB2	100.5	2.567	5.50
YDR013W	PSF1	173	NQ	1.76
YDR013W	PSF1	45	NQ	3.23
YPL014W	YPL014W	127	NQ	2.09
YPL014W	YPL014W	23.5	NQ	2.14
YNL278W	CAF120	114.5	NA	2.65
YNL278W	CAF120	37.5	1.209	3.21
YML021C	UNG1	31.5	2.241	6.06
YOR176W	HEM15	173.5	NQ	4.42
YOR176W	HEM15	50.5	NQ	2.78
YLR151C	PCD1	157.5	NQ	5.35
YEL061C	CIN8	65.5	2.587	3.63
YOR284W	HUA2	206	NQ	1.26
YOR284W	HUA2	51.5	NQ	3.40
YOR038C	HIR2	33.5	2.354	2.35
YDR545W				
YLL021W	SPA2	33.5	74.577	2.38
YLL021W	SPA2	99.5	74.577	2.30
YPL283C				
YER170W	ADK2	129	NA	3.76
YER170W	ADK2	49	1.162	5.59
YBR161W	CSH1	56.5	61.945	0.84
YBL113C				
YGL163C	RAD54	30	NQ	3.69
YPL127C	HHO1	160.5	NA	2.47
YPL127C	HHO1	58	1.853	4.71
YMR144W	YMR144W	43.5	6.779	5.70
YLR386W	VAC14	122.5	NQ	1.69
YLR386W	VAC14	46	NQ	2.55
YML133C	YML133C	37.5	0.722	7.42
YOR084W	YOR084W	153.5	2.451	8.81
YDL105W	QRI2	122	NQ	1.62
YDR297W	SUR2	12	NQ	4.76
YNL225C	CNM67	286.5	NA	1.18
YNL225C	CNM67	49	5.047	1.88
YHR023W	MYO1	146.5	10.659	2.99
YDR488C	PAC11	134.5	NA	2.61
YDR488C	PAC11	61	1.050	2.36
YLR462W	YLR462W	38.5	1.039	8.09
YJL051W	YJL051W	127.5	2.028	11.01
YHR159W	YHR159W	133	NQ	2.52
YHR159W	YHR159W	48	NQ	1.68
YDR501W	PLM2	38	NQ	2.78
YGR041W	BUD9	175.5	2.416	4.80
YGR041W	BUD9	233.5	NA	2.17
YAR003W	SWD1	129.5	NA	1.42
YAR003W	SWD1	40	2.302	2.81
YHR217C				
YBL112C	YBL112C	40.5	NQ	3.83
YNL290W	RFC3	23.5	3.844	3.79
YOR373W	NUD1	163	NA	1.11
YOR373W	NUD1	44.5	20.366	3.08
YLR131C	ACE2	144.5	4.205	8.75
YEL076C				
YCL022C	YCL022C	180.5	NQ	1.42
YCL022C	YCL022C	30	NQ	1.98
YBR276C	PPS1	123.5	NQ	1.93
YBR276C	PPS1	217.5	NQ	1.49
YAR018C	KIN3	162	3.899	7.18
YKR010C	TOF2	83	NQ	2.87
YHR188C	GPI16	134	NQ	2.72
YHR188C	GPI16	30.5	NQ	1.59
YER003C	PMI40	55.5	1.271	5.61
YGL116W	CDC20	149	2.664	5.55
YOL034W	SMC5	57	NQ	2.94
YLR376C	YLR376C	218	NQ	1.49
YLR376C	YLR376C	57	NQ	3.42
YGR108W	CLB1	89	1.111	11.24
YFL064C				
YML109W	ZDS2	178.5	NA	0.92
YML109W	ZDS2	43	2.920	2.23
YDR146C	SWI5	131.5	1.280	9.87
YOR073W	SGO1	168	NA	2.33
YOR073W	SGO1	68	1.653	3.40
YPL015C	HST2	134.5	NQ	3.50
YPL015C	HST2	45.5	NQ	1.85
YNL126W	SPC98	69.5	2.995	4.46
YFR046C	YFR046C	54.5	NQ	3.46
YPL007C	TFC8	181	NQ	1.98
YPL007C	TFC8	57	NQ	3.21
YNL077W	APJ1	225.5	NQ	3.78
YDR307W	YDR307W	179.5	NQ	2.22
YDR307W	YDR307W	49.5	NQ	2.39
YOR017W	PET127	35.5	NQ	2.92
YLR045C	STU2	78.5	4.188	5.00
YOR025W	HST3	105.5	NA	2.76
YOR025W	HST3	172.5	2.828	4.07
YNR009W	YNR009W	67.5	1.617	8.83
YKL067W	YNK1	126	NA	2.83
YKL067W	YNK1	49	17.636	2.98
YAL023C	PMT2	106	NA	2.10
YAL023C	PMT2	23.5	1.344	4.34
YKR077W	YKR077W	257.5	NA	1.82
YKR077W	YKR077W	37.5	0.935	5.47
YBL009W	YBL009W	72.5	2.330	4.51
YBL009W	YBL009W	9	NA	1.68
YBL002W	HTB2	72	4.182	14.85
YIL158W	YIL158W	131	3.302	10.03
YBR202W	CDC47	179.5	NA	1.30
YBR202W	CDC47	24	1.595	3.47
YNR061C	YNR061C	208	NQ	2.75
YNR061C	YNR061C	39.5	NQ	1.50
YJR092W	BUD4	122	2.638	8.77
YJL091C	GWT1	202	NQ	2.10
YJL091C	GWT1	51	NQ	3.91
YLR234W	TOP3	280	NQ	1.29
YLR234W	TOP3	90	NQ	1.06
YGR015C	YGR015C	140.5	NQ	2.85
YGR015C	YGR015C	53	NQ	1.40
YIR008C	PRI1	276.5	NQ	1.69
YIR008C	PRI1	54.5	NQ	2.38
YIL106W	MOB1	142	NQ	2.56
YIL106W	MOB1	212	NQ	1.24
YDR224C	HTB1	155	NA	1.47
YDR224C	HTB1	59.5	NA	2.17
YDR481C	PHO8	148	NQ	2.63
YDR481C	PHO8	250.5	NQ	1.70
YOL149W	DCP1	182	NQ	2.24
YOL149W	DCP1	43	NQ	1.43
YOL006C	TOP1	180	NQ	2.51
YOL006C	TOP1	51.5	NQ	1.17
YNL058C	YNL058C	135.5	1.836	8.84
YPL242C	IQG1	147.5	1.941	5.20
YHR172W	SPC97	62	1.589	7.70
YGL200C	EMP24	124	NQ	1.59
YGL200C	EMP24	42	NQ	3.51
YDR544C				
YHR050W	SMF2	123	NQ	2.63
YHR050W	SMF2	45	NQ	1.94
YGR014W	MSB2	56.5	2.224	7.95
YBR245C	ISW1	104	NQ	1.86
YBR245C	ISW1	27.5	NQ	3.13
YBL003C	HTA2	154.5	NA	2.01
YBL003C	HTA2	59	2.343	2.38
YGR188C	BUB1	212.5	122.134	1.09
YGR188C	BUB1	67.5	122.134	3.09
YDR144C				
YAL007C	ERP2	40.5	1.377	4.42
YHR158C	KEL1	140.5	NA	1.91
YHR158C	KEL1	55.5	2.488	2.71
YGL094C	PAN2	231.5	NQ	2.01
YGL094C	PAN2	61.5	NQ	2.39
YEL064C	AVT2	265	NQ	1.47
YEL064C	AVT2	48.5	NQ	2.17
YBL034C	STU1	265.5	NA	1.11
YBL034C	STU1	41.5	5.886	2.77
YOL070C	YOL070C	161	3.172	2.79
YOL070C	YOL070C	286	NA	1.25
YGL021W	ALK1	129.5	1.845	6.55
YFL060C				
YBR138C	YBR138C	143	2.599	5.72
YNL030W	HHF2	157	NA	2.19
YNL030W	HHF2	63	2.095	3.17
YML034W	SRC1	161.5	NA	0.77
YML034W	SRC1	267.5	99.218	1.25
YLR463C	YLR463C	134	NQ	2.03
YLR463C	YLR463C	274.5	NQ	1.93
YLR182W	SWI6	146	4.813	3.68
YPL141C	YPL141C	143.5	148.367	0.56
YPL141C	YPL141C	2.5	148.367	0.66
YOR315W	YOR315W	99	1.062	10.90
YNL166C	BNI5	12.5	NA	2.21
YNL166C	BNI5	68.5	1.908	4.42
YDR518W	EUG1	46	NQ	4.77
YHL049C				
YBR098W	MMS4	54	NQ	2.84
YLR273C	PIG1	165.5	2.592	5.14
YGR238C	KEL2	129.5	3.540	2.70
YGR238C	KEL2	45.5	1.474	2.75
YPL155C	KIP2	102	69.027	0.88
YPL155C	KIP2	6	69.027	1.69
YPR185W	ATG13	205.5	NQ	1.94
YPR185W	ATG13	51	NQ	2.04
YLR326W	YLR326W	122	NQ	1.46
YLR326W	YLR326W	13	NQ	2.35
YLR274W	CDC46	173	NA	1.94
YLR274W	CDC46	17.5	1.793	4.16
YJL092W	HPR5	65.5	1.604	4.06
YJL079C	PRY1	134	NA	2.10
YJL079C	PRY1	27.5	NA	2.82
YGL241W	KAP114	208	NQ	1.30
YGL241W	KAP114	61	NQ	2.26
YOR372C	NDD1	157	NQ	1.92
YOR372C	NDD1	67	NQ	2.03
YOR039W	CKB2	159	NQ	1.74
YOR039W	CKB2	3.5	NQ	1.96
YLR457C	NBP1	248.5	NQ	1.83
YLR457C	NBP1	55.5	NQ	2.44
YIL132C	CSM2	40.5	8.419	3.72
YBR010W	HHT1	137.5	NA	3.13
YBR010W	HHT1	64	NA	4.07
YMR177W	MMT1	18.5	NQ	4.95
YER014W	HEM14	235	NQ	0.43
YMR011W	HXT2	4	NQ	2.85
YEL040W	UTR2	19.5	1.251	6.68
YEL040W	UTR2	84	NA	4.09
YPL115C	BEM3	28.5	NQ	1.74
YML101C	CUE4	157	NQ	3.43
YBL086C	YBL086C	161.5	NQ	3.79
YBL086C	YBL086C	259	NQ	1.72
YPL008W	CHL1	273.5	NQ	1.06
YPL008W	CHL1	56	NQ	2.20
YOR058C	ASE1	165.5	2.679	4.88
YKL066W	YKL066W	127.5	NQ	2.68
YKL066W	YKL066W	36.5	NQ	1.80
YDR014W	RAD61	256	NQ	1.64
YDR014W	RAD61	43	NQ	2.33
YBL031W	SHE1	74.5	3.003	4.41
YPL032C	SVL3	15.5	NA	1.81
YPL032C	SVL3	69	2.963	3.21
YKR037C	SPC34	148	NQ	2.24
YKR037C	SPC34	68	NQ	1.81
YJL159W	HSP150	164.5	1.159	4.64
YJL159W	HSP150	21	NA	1.35
YOL011W	PLB3	157	NQ	3.25
YEL075C				
YOR026W	BUB3	161.5	1.299	3.23
YOR026W	BUB3	45.5	NA	2.38
YNL283C	WSC2	58.5	1.183	6.35
YFR039C	YFR039C	154	NQ	0.74
YFR039C	YFR039C	224.5	NQ	1.98
YER189W				
YMR031C	YMR031C	157	1.699	5.03
YFL062W	COS4	146.5	NQ	2.44
YFL062W	COS4	225	NQ	3.37
YDL157C	YDL157C	51	NQ	1.55
YDL157C	YDL157C	98	NQ	1.52
YPL116W	HOS3	151.5	4.655	2.65
YPL116W	HOS3	68.5	NA	2.22
YGR092W	DBF2	137	1.893	4.58
YGL060W	YBP2	257.5	NQ	1.77
YGL060W	YBP2	50.5	NQ	1.91
YLR342W	FKS1	17.5	1.766	5.66
YLR135W	SLX4	41	NQ	2.92
YKL185W	ASH1	163	0.855	11.87
YPR120C	CLB5	38	1.792	2.91
YLR373C	VID22	156	NQ	2.31
YLR373C	VID22	76	NQ	3.21
YJR143C	PMT4	41	5.531	7.19
YFR042W	YFR042W	235	NQ	1.31
YFR042W	YFR042W	45	NQ	3.89
YER016W	BIM1	58	4.768	2.72
YOL094C	RFC4	12.5	2.611	4.28
YHR123W	EPT1	140	NQ	0.96
YHR123W	EPT1	71	NQ	2.73
YDR225W				
YNL031C	HHT2	152.5	5.230	2.51
YNL031C	HHT2	60	NA	2.71
YLR380W	CSR1	13	NQ	1.97
YLR380W	CSR1	175	NQ	1.40
YPR203W				
YEL032W	MCM3	15.5	1.728	4.67
YLR084C	RAX2	18	NA	1.83
YLR084C	RAX2	99	3.889	3.86
YHL048W	COS8	NA	NQ	
YGL225W	VRG4	15.5	NQ	3.52
YGL225W	VRG4	56.5	NQ	4.03
YDL127W	PCL2	161.5	NA	2.52
YDL127W	PCL2	35	1.213	4.75
YNL078W	NIS1	180	2.117	8.09
YML069W	POB3	158	NQ	1.83
YML069W	POB3	41.5	NQ	2.15
YCL063W	VAC17	92	4.899	3.98
YGL201C	MCM6	18	NQ	2.86
YGR099W	TEL2	61.5	NQ	2.76
YAL022C	FUN26	123.5	NQ	1.72
YAL022C	FUN26	19	NQ	2.71
YOR132W	VPS17	157	NQ	2.00
YOR132W	VPS17	42.5	NQ	1.85
YOR111W	YOR111W	158	NQ	1.87
YOR111W	YOR111W	51.5	NQ	2.90
YJL123C	YJL123C	180	NQ	1.78
YJL123C	YJL123C	231	NQ	1.35
YNL274C	YNL274C	148.5	5.578	4.42
YNL274C	YNL274C	198.5	NA	2.54
YOR342C	YOR342C	12.5	NQ	3.74
YOR342C	YOR342C	171	NQ	2.66
YOR188W	MSB1	68.5	4.220	2.52
YOR188W	MSB1	6	NA	2.03
YNL209W	SSB2	17	NQ	5.08
YNL209W	SSB2	95	NQ	1.76
YGR140W	CBF2	64	1.410	4.05
YDR180W	SCC2	182.5	NQ	1.32
YDR180W	SCC2	1	NQ	1.18
YBL063W	KIP1	64.5	2.753	3.81
YML038C	YMD8	160.5	NQ	1.64
YML038C	YMD8	3	NQ	1.68
YER032W	FIR1	151.5	NA	1.17
YER032W	FIR1	69	3.064	3.35
YOR247W	SRL1	74.5	9.175	11.27
YHR061C	GIC1	69	3.644	4.05
YKL108W	SLD2	21	2.541	3.75
YDR052C	DBF4	168.5	3.065	2.05
YDR052C	DBF4	38.5	NA	0.78
YLR372W	SUR4	18	2.153	5.56
YDR309C	GIC2	29.5	1.242	8.95
YPR202W				
YOR016C	ERP4	190	NQ	1.27
YOR016C	ERP4	34	NQ	1.26
YNL039W	BDP1	11.5	NQ	2.31
YNL039W	BDP1	61.5	NQ	1.05
YGL075C	MPS2	230	NQ	2.39
YGL075C	MPS2	45.5	NQ	1.40
YBR041W	FAT1	39	NQ	2.06
YOL147C	PEX11	157.5	NA	3.81
YML012W	ERV25	153	NQ	1.80
YML012W	ERV25	41	NQ	1.33
YLR188W	MDL1	293	NQ	1.54
YLR188W	MDL1	57	NQ	2.15
YLR079W	SIC1	164.5	0.791	9.86
YDR033W	MRH1	115	NA	1.31
YDR033W	MRH1	286.5	5.685	5.06
YCR024C-A	PMP1	196.5	NQ	0.31
YCR024C-A	PMP1	262	NQ	0.14
YBR092C	PHO3	14	NQ	13.41
YPR075C	OPY2	164.5	NQ	3.11
YPR075C	OPY2	36.5	NQ	1.43
YPL253C	VIK1	165.5	NQ	1.65
YPL253C	VIK1	64.5	NQ	2.73
YKL092C	BUD2	130.5	26.035	2.51
YKL092C	BUD2	38	NA	1.70
YKL008C	LAC1	175	NQ	1.45
YKL008C	LAC1	234.5	NQ	2.47
YJL201W	ECM25	114	NA	2.42
YJL201W	ECM25	35	1.931	2.94
YIL159W	BNR1	41	NQ	3.44
YBR054W	YRO2	209	1.283	10.91
YEL017W	GTT3	150.5	4.847	4.15
YEL017W	GTT3	72.5	NA	1.37
YBR009C				
YBL023C	MCM2	176.5	NA	1.64
YBL023C	MCM2	25.5	1.040	4.63
YFL065C				
YBR243C	ALG7	33.5	1.411	2.90
YIL123W	SIM1	61	0.690	12.44
YHL026C	YHL026C	114	NQ	1.51
YHL026C	YHL026C	6	NQ	3.76
YDR489W	SLD5	21	NQ	3.99
YBR302C	COS2	155.5	NQ	2.66
YBR302C	COS2	228	NQ	2.27
YHR151C	YHR151C	154.5	NQ	1.64
YHR151C	YHR151C	295.5	NQ	2.64
YFL061W				
YDL010W	YDL010W	122	NQ	2.56
YDL010W	YDL010W	41.5	NQ	3.65
YPR149W	NCE102	157.5	NA	3.87
YOL008W	YOL008W	176.5	NQ	1.91
YOL008W	YOL008W	63.5	NQ	1.53
YMR307W	GAS1	20	NA	4.55
YKL164C	PIR1	167.5	1.070	21.33
YKL116C	PRR1	154	NQ	2.24
YKL116C	PRR1	39.5	NQ	1.33
YDL220C	CDC13	26	NQ	2.52
YGR286C	BIO2	282.5	NQ	1.05
YGR286C	BIO2	29	NQ	1.56
YOR229W	WTM2	167.5	43.525	2.37
YOR229W	WTM2	7	NA	1.86
YOR081C	YOR081C	0.5	NQ	2.15
YOR081C	YOR081C	72.5	NQ	1.63
YLR154C	YLR154C	160.5	NQ	1.50
YLR154C	YLR154C	51	NQ	1.87
YIL009W	FAA3	136.5	NQ	2.23
YIL009W	FAA3	2.5	NQ	2.02
YHR152W	SPO12	141.5	1.402	10.11
YGR086C	PIL1	159	1.064	4.88
YGL175C	SAE2	NA	NQ	
YGL065C	ALG2	123.5	NQ	1.76
YGL065C	ALG2	44	NQ	2.15
YEL047C	YEL047C	153.5	NQ	1.97
YEL047C	YEL047C	54	NQ	1.69
YBR015C	MNN2	182.5	NQ	1.61
YBR015C	MNN2	23.5	NQ	2.86
YNL088W	TOP2	138.5	NA	1.59
YNL088W	TOP2	58.5	1.721	2.16
YNR067C	DSE4	171.5	1.231	17.83
YEL076C-A				
YDR451C	YHP1	82.5	1.008	6.97
YDR219C	YDR219C	142	NQ	2.47
YDR219C	YDR219C	60.5	NQ	2.12
YOR327C	SNC2	157.5	3.472	2.51
YOR327C	SNC2	291	NA	1.79
YMR095C	SNO1	280.5	NQ	1.71
YMR095C	SNO1	38	NQ	1.84
YOL033W	MSE1	49.5	1.011	7.81
YGR012W	YGR012W	135.5	NQ	1.75
YGR012W	YGR012W	47	NQ	2.74
YGL012W	ERG4	30	NQ	12.20
YPL241C	CIN2	46	1.497	5.96
YOL158C	ENB1	127.5	NQ	2.31
YOL158C	ENB1	31	NQ	1.04
YMR058W	FET3	34.5	0.724	15.17
YLR050C	YLR050C	124.5	NQ	1.44
YLR050C	YLR050C	44	NQ	2.17
YJR057W	CDC8	152	NQ	1.53
YJR057W	CDC8	53	NQ	2.56
YGR177C	ATF2	27	NQ	2.77
YDR183W	PLP1	50	NQ	2.00
YBR042C	YBR042C	175	NQ	1.88
YBR042C	YBR042C	3.5	NQ	1.76
YML065W	ORC1	226.5	NA	1.25
YML065W	ORC1	86.5	3.814	3.61
YIR010W	DSN1	130.5	NA	1.71
YIR010W	DSN1	70	2.401	2.34
YNR001C	CIT1	170.5	NQ	2.18
YNR001C	CIT1	46.5	NQ	2.41
YNL188W	KAR1	161.5	168.816	2.06
YNL188W	KAR1	2	168.816	2.34
YDR261C	EXG2	68	2.572	3.48
YDR055W	PST1	164	0.738	9.64
YPL158C	YPL158C	165	0.583	17.25
YNL165W	YNL165W	168	NQ	2.09
YNL165W	YNL165W	262.5	NQ	2.60
YLR455W	YLR455W	6.5	NQ	1.68
YLR455W	YLR455W	70.5	NQ	2.58
YLR272C	YCS4	67	6.228	3.21
YML052W	SUR7	124	6.592	4.26
YJR054W	YJR054W	4.5	NQ	2.01
YJR054W	YJR054W	95.5	NQ	2.45
YJL097W	YJL097W	240.5	NQ	1.85
YJL097W	YJL097W	35	NQ	1.95
YGR042W	YGR042W	148	NQ	2.64
YGR042W	YGR042W	254.5	NQ	2.17
YDR089W	YDR089W	120.5	NQ	1.80
YDR089W	YDR089W	22	NQ	4.59
YDL248W	COS7	153	NQ	2.56
YDL248W	COS7	47	NQ	1.61
YOR368W	RAD17	46	3.073	3.86
YOL069W	NUF2	161.5	1.820	2.97
YOL069W	NUF2	81	NA	1.76
YML132W	COS3	221.5	NQ	2.79
YML132W	COS3	49	NQ	1.48
YKL046C	DCW1	26	NQ	2.60
YKL046C	DCW1	82	NQ	1.71
YJL194W	CDC6	145	1.140	3.81
YJL194W	CDC6	23.5	NA	2.31
YBR001C	NTH2	144	1.999	5.26
YPL232W	SSO1	14	NQ	2.31
YHR215W				
YFL063W	YFL063W	143.5	NQ	2.65
YDR222W	YDR222W	103.5	NQ	2.05
YDR222W	YDR222W	289.5	NQ	4.40
YNL335W	YNL335W	161	1.186	6.31
YNL327W	EGT2	169.5	0.833	19.66
YMR003W	YMR003W	75	3.909	7.63
YJR161C	COS5	223	NQ	2.74
YJR161C	COS5	45.5	NQ	1.62
YGR113W	DAM1	267.5	NQ	1.13
YGR113W	DAM1	63	NQ	3.10
YDL055C	PSA1	185	0.664	5.21
YDL055C	PSA1	58.5	NA	2.06
YOR066W	YOR066W	168	7.519	2.46
YOR066W	YOR066W	5	6.686	3.46
YMR296C	LCB1	11	NQ	4.46
YFL037W	TUB2	133.5	NA	2.71
YFL037W	TUB2	61.5	NA	2.44
YDR348C	YDR348C	21	4.197	4.78
YJR162C	YJR162C	154	NQ	2.27
YJR162C	YJR162C	246	NQ	1.62
YEL042W	GDA1	14.5	NQ	4.35
YEL042W	GDA1	96	NQ	1.85
YDR191W	HST4	163.5	53.934	2.15
YDR191W	HST4	241.5	NA	2.34
YMR305C	SCW10	39	1.326	15.37
YLL032C	YLL032C	157	NQ	3.16
YLL032C	YLL032C	87.5	NQ	3.71
YFR027W	ECO1	234.5	NQ	1.61
YFR027W	ECO1	45	NQ	3.27
YOR383C	FIT3	160.5	2.051	9.87
YLR297W	YLR297W	159.5	NA	2.54
YLR297W	YLR297W	248.5	4.348	4.28
YLR126C	YLR126C	120.5	NQ	1.19
YLR126C	YLR126C	46.5	NQ	1.16
YER174C	GRX4	100	NQ	1.70
YER174C	GRX4	31	NQ	2.86
YBL010C	YBL010C	56.5	NQ	4.72
YGL253W	HXK2	42	1.905	6.60
YPL023C	MET12	21.5	NQ	4.29
YNL218W	MGS1	120	NQ	1.42
YNL218W	MGS1	232	NQ	1.38
YNL160W	YGP1	159.5	51.215	3.43
YNL160W	YGP1	264.5	51.269	3.78
YCL014W	BUD3	110	196.778	2.27
YCL014W	BUD3	290	196.778	1.52
YBR158W	AMN1	178.5	1.286	16.05
YNL313C	YNL313C	7.5	NQ	3.04
YNL313C	YNL313C	86	NQ	1.96
YMR215W	GAS3	19.5	NA	2.30
YMR215W	GAS3	71.5	1.984	4.58
YPR019W	CDC54	130	44.616	2.45
YPR019W	CDC54	27	44.491	2.16
YOR023C	AHC1	157.5	NQ	1.49
YOR023C	AHC1	260	NQ	1.65
YNL068C	FKH2	3	NQ	2.11
YNL068C	FKH2	74.5	NQ	1.71
YLL065W	YLL065W	153.5	NQ	2.72
YLL065W	YLL065W	257	NQ	1.80
YJR053W	BFA1	21	NQ	0.12
YDL179W	PCL9	165.5	0.628	18.33
YBR093C	PHO5	166	NQ	2.29
YBR093C	PHO5	260.5	NQ	1.88
YFR016C	YFR016C	50	NQ	3.29
YOR184W	SER1	22.5	NQ	4.38
YPR173C	VPS4	167	NQ	1.83
YPR173C	VPS4	8	NQ	2.06
YOR320C	GNT1	189.5	NQ	1.34
YOR320C	GNT1	42	NQ	2.55
YOR075W	UFE1	38.5	NQ	1.22
YLR194C	YLR194C	167	NQ	7.62
YDL155W	CLB3	109.5	NQ	1.47
YDL155W	CLB3	283	NQ	2.30
YOR198C	BFR1	55.5	21.204	3.00
YNL333W	SNZ2	50.5	2.493	14.50
YLR214W	FRE1	102	NQ	1.75
YLR214W	FRE1	297	NQ	1.90
YGR143W	SKN1	143.5	3.212	2.53
YGR143W	SKN1	263	3.033	2.53
YGL028C	SCW11	184.5	1.782	13.92
YPR104C	FHL1	291	NQ	1.80
YPR104C	FHL1	80.5	NQ	2.12
YMR190C	SGS1	84	NQ	0.83
YJR076C	CDC11	298.5	NA	1.46
YJR076C	CDC11	72	1.349	2.83
YBL046W	YBL046W	182	NQ	2.02
YBL046W	YBL046W	54.5	NQ	1.50
YBR007C	YBR007C	22	1.475	4.21
YAR071W	PHO11	251.5	NQ	2.05
YAR071W	PHO11	45	NQ	1.34
YNL197C	WHI3	158	53.324	2.33
YNL197C	WHI3	81	53.278	2.21
YDR342C	HXT7	154.5	NQ	2.53
YBL032W	HEK2	72	41.594	3.38
YAR060C	YAR060C	220.5	NQ	2.63
YPR106W	ISR1	175	2.024	3.74
YPR106W	ISR1	251	NA	1.64
YOL030W	GAS5	113	NA	3.19
YOL030W	GAS5	19	1.204	4.76
YLL062C	MHT1	36	NQ	6.87
YJL078C	PRY3	182	1.452	13.59
YGL216W	KIP3	287	NQ	2.05
YGL216W	KIP3	69	NQ	1.56
YER145C	FTR1	27.5	1.530	3.50
YER145C	FTR1	94	NA	2.94
YDL219W	DTD1	113	NQ	1.97
YDL219W	DTD1	29	NQ	3.92
YKL130C	SHE2	11.5	NQ	1.29
YKL130C	SHE2	94.5	NQ	1.90
YHR086W	NAM8	58	NQ	4.64
YOR264W	DSE3	169.5	0.936	14.87
YNL338W				
YMR160W	YMR160W	204.5	NQ	2.61
YMR160W	YMR160W	51	NQ	2.00
YGL022W	STT3	125	NQ	1.86
YGL022W	STT3	49.5	NQ	2.17
YLR034C	SMF3	182	NQ	1.47
YLR034C	SMF3	75.5	NQ	1.32
YJL137C	GLG2	134.5	NQ	3.06
YFR031C	SMC2	61	3.487	3.02
YFL016C	MDJ1	261.5	NQ	1.32
YFL016C	MDJ1	47.5	NQ	2.95
YAL069W	YAL069W	NA	NQ	
YPR004C	YPR004C	28.5	NQ	2.91
YPR004C	YPR004C	80.5	NQ	1.79
YLR343W	YLR343W	217	NQ	1.04
YLR343W	YLR343W	289	NQ	1.38
YIL156W	UBP7	229	NQ	2.07
YIL156W	UBP7	47.5	NQ	1.84
YIL131C	FKH1	67	1.803	4.04
YGR098C	ESP1	209.5	NA	1.44
YGR098C	ESP1	70.5	4.731	3.53
YFR038W	YFR038W	267	NQ	1.82
YFR038W	YFR038W	41	NQ	2.03
YEL074W	YEL074W	NA	NQ	
YDR343C	HXT6	153.5	NQ	1.87
YDR343C	HXT6	29.5	NQ	0.71
YLR057W	YLR057W	212.5	NQ	1.76
YLR057W	YLR057W	9	NQ	1.85
YHR160C	PEX18	146.5	1.651	4.25
YHR160C	PEX18	236.5	NA	3.72
YGR295C	COS6	160	NQ	3.38
YGR295C	COS6	50.5	NQ	1.52
YER152C	YER152C	128.5	NQ	2.28
YER152C	YER152C	232.5	NQ	1.85
YPL066W	YPL066W	154.5	NQ	1.48
YPL066W	YPL066W	212	NQ	2.27
YML059C	YML059C	34	NQ	1.62
YML059C	YML059C	85	NQ	2.78
YDL227C	HO	243	12.335	1.06
YML058W	SML1	21	154.194	0.85
YDR150W	NUM1	264	117.946	1.32
YDR150W	NUM1	47.5	NA	1.22
YOR115C	TRS33	15.5	NQ	2.84
YNL216W	RAP1	160.5	53.006	1.90
YNL216W	RAP1	83	NA	1.68
YGR044C	RME1	187	1.917	8.60
YDR516C	EMI2	126	NQ	4.75
YDR516C	EMI2	48.5	NQ	4.10
YBR156C	SLI15	71.5	3.925	4.80
YBL109W	YBL109W	158.5	NQ	3.08
YBL109W	YBL109W	255.5	NQ	1.26
YPL036W	PMA2	225	2.224	10.65
YHL040C	ARN1	69	4.177	6.35
YHL040C	ARN1	7	NA	3.06
YGL210W	YPT32	207	NQ	1.48
YGL210W	YPT32	26.5	NQ	1.37
YER124C	DSE1	190	1.176	16.54
YPL227C	ALG5	61	NQ	5.54
YIL162W	SUC2	131.5	NA	3.77
YIL162W	SUC2	52	1.657	6.36
YDR532C	YDR532C	163	NQ	1.17
YDR532C	YDR532C	226.5	NQ	1.71
YOR313C	SPS4	100.5	1.595	3.32
YOR313C	SPS4	26	NA	1.11
YMR102C	YMR102C	156.5	NQ	1.54
YMR102C	YMR102C	218.5	NQ	2.62
YKR054C	DYN1	239	91.753	1.56
YKR054C	DYN1	95	NA	2.21
YJR148W	BAT2	153.5	1.601	6.98
YHL028W	WSC4	95.5	1.233	5.40
YFR053C	HXK1	138.5	NQ	4.57
YFR053C	HXK1	46.5	NQ	2.92
YNL046W	YNL046W	167.5	NQ	3.78
YML085C	TUB1	145	NA	3.02
YML085C	TUB1	70	1.649	3.99
YGL174W	BUD13	25	NQ	3.79
YDR528W	HLR1	29.5	NQ	5.18
YIL050W	PCL7	129.5	NQ	1.80
YIL050W	PCL7	60.5	NQ	2.61
YGR142W	BTN2	160.5	NA	2.34
YGR142W	BTN2	234	43.692	6.03
YBR278W	DPB3	151.5	NQ	1.86
YBR278W	DPB3	233	NQ	1.62
YML064C	TEM1	159	5.140	2.56
YML064C	TEM1	288.5	NA	1.53
YDL180W	YDL180W	262.5	NQ	1.07
YDL180W	YDL180W	33	NQ	2.75
YNL291C	MID1	41	NQ	3.29
YMR002W	YMR002W	125	NQ	2.54
YMR002W	YMR002W	39.5	NQ	1.70
YER122C	GLO3	15	NQ	1.98
YER122C	GLO3	68.5	NQ	2.27
YDL138W	RGT2	133	2.330	3.35
YDL138W	RGT2	299	NA	1.88
YOL012C	HTZ1	167	NA	1.84
YOL012C	HTZ1	77.5	1.882	4.75
YLR210W	CLB4	298	NQ	1.73
YLR210W	CLB4	80.5	NQ	2.19
YIL129C	TAO3	128.5	1.720	2.23
YIL129C	TAO3	42	NA	1.90
YCR042C	TAF2	14	NQ	1.44
YCR042C	TAF2	185	NQ	2.77
YCL040W	GLK1	162	NQ	5.03
YAL068C	YAL068C	138	NQ	1.74
YAL068C	YAL068C	239	NQ	2.68
YPL269W	KAR9	170.5	NQ	2.07
YPL269W	KAR9	67.5	NQ	2.42
YOR326W	MYO2	181.5	105.804	0.58
YOR326W	MYO2	83	NA	1.40
YJR144W	MGM101	298	NQ	1.92
YJR144W	MGM101	62.5	NQ	1.70
YHR108W	GGA2	128.5	NQ	1.39
YHR108W	GGA2	60	NQ	2.73
YGL083W	SCY1	243.5	NQ	1.47
YGL083W	SCY1	48.5	NQ	1.87
YDL056W	MBP1	180	NQ	1.78
YDL056W	MBP1	74.5	NQ	2.28
YNL298W	CLA4	21	1.136	6.70
YJL196C	ELO1	130.5	NQ	3.99
YJL196C	ELO1	46.5	NQ	2.69
YDR356W	SPC110	169	NA	1.38
YDR356W	SPC110	65.5	3.906	4.03
YBR139W	YBR139W	172	NQ	5.81
YOR307C	SLY41	186.5	NQ	1.92
YOR307C	SLY41	2.5	NQ	2.45
YAL024C	LTE1	20.5	2.044	2.96
YAL024C	LTE1	92	NA	1.98
YPR034W	ARP7	11	NQ	1.54
YPR034W	ARP7	152.5	NQ	2.46
YNL336W	COS1	148.5	NQ	2.65
YNL336W	COS1	230	NQ	2.96
YGL008C	PMA1	116	NQ	1.55
YGL008C	PMA1	17.5	NQ	2.73
YOR127W	RGA1	30.5	1.750	3.71
YLR438W	CAR2	143.5	1.457	5.95
YLR438W	CAR2	278	NA	1.79
YJL218W	YJL218W	50	3.603	3.92
YJL216C	YJL216C	154.5	NQ	6.55
YGL101W	YGL101W	157.5	NQ	2.75
YGL101W	YGL101W	74.5	NQ	1.90
YDR263C	DIN7	40.5	1.218	5.57
YDR077W	SED1	170.5	NA	3.94
YDR011W	SNQ2	186	NA	2.23
YDR011W	SNQ2	259.5	3.026	2.41
YCL064C	CHA1	48	NQ	2.02
YBR086C	IST2	182.5	NQ	2.06
YBR086C	IST2	83	NQ	2.17
YLR353W	BUD8	101.5	NA	1.26
YLR353W	BUD8	284	111.004	1.15
YIL144W	TID3	NA	NQ	
YOL112W	MSB4	27.5	NQ	0.16
YJL059W	YHC3	163	NQ	4.22
YJL059W	YHC3	243.5	NQ	1.68
YHR092C	HXT4	2.5	NQ	5.93
YER104W	RTT105	130	NQ	1.79
YER104W	RTT105	61	NQ	1.50
YDR499W	LCD1	252.5	NQ	2.09
YBR200W	BEM1	124.5	4.982	2.35
YBR200W	BEM1	15.5	2.840	1.77
YOR375C	GDH1	111	NQ	1.94
YOR375C	GDH1	20.5	NQ	2.25
YOL113W	SKM1	266.5	137.948	0.63
YOL113W	SKM1	47.5	137.953	1.69
YJL002C	OST1	117	NQ	1.53
YJL002C	OST1	37	NQ	1.48
YHR039C	MSC7	125.5	NQ	1.45
YHR039C	MSC7	36	NQ	2.82
YGL097W	SRM1	113	NQ	2.17
YGL097W	SRM1	14	NQ	4.03
YDL090C	RAM1	186.5	NQ	1.58
YDL090C	RAM1	49	NQ	1.53
YCR023C	YCR023C	129.5	NQ	2.22
YCR023C	YCR023C	56	NQ	1.95
YOR086C	YOR086C	185	NQ	3.92
YJL118W	YJL118W	76	3.772	4.28
YIL122W	POG1	144.5	NQ	2.35
YIL122W	POG1	256.5	NQ	2.67
YGR055W	MUP1	2.5	1.494	10.94
YER072W	VTC1	118	NQ	1.29
YER072W	VTC1	23	NQ	3.08
YDL128W	VCX1	164	NQ	3.01
YDL128W	VCX1	22.5	NQ	1.58
YLR459W	CDC91	132.5	NQ	1.32
YLR459W	CDC91	73.5	NQ	1.12
YJL172W	CPS1	140	NQ	2.82
YJL172W	CPS1	252	NQ	3.02
YIL139C	REV7	250	NQ	0.45
YIL139C	REV7	60	NQ	1.03
YHR135C	YCK1	128.5	37.033	2.37
YHR135C	YCK1	56.5	36.999	2.03
YDR227W	SIR4	182	NQ	1.52
YDR227W	SIR4	91	NQ	2.54
YBR112C	CYC8	126	NQ	2.44
YBR112C	CYC8	29	NQ	1.20
YLR437C	YLR437C	146.5	NQ	3.31
YLR437C	YLR437C	298.5	NQ	1.97
YLR436C	ECM30	155.5	NQ	1.94
YLR436C	ECM30	214	NQ	1.48
YKL049C	CSE4	281	NQ	2.02
YKL049C	CSE4	87.5	NQ	2.21
YJL034W	KAR2	231	NA	4.25
YJL034W	KAR2	49	79.002	2.01
YGL257C	MNT2	133	NQ	1.22
YGL257C	MNT2	60.5	NQ	1.42
YER004W	YER004W	174.5	NQ	3.24
YER004W	YER004W	263.5	NQ	2.22
YEL065W	SIT1	110.5	1.862	4.65
YEL065W	SIT1	20	1.638	4.19
YDL052C	SLC1	164.5	NA	1.14
YDL052C	SLC1	39.5	4.511	3.12
YPR157W	YPR157W	136.5	NQ	2.47
YHR107C	CDC12	67.5	5.190	3.11
YDR176W	NGG1	175	NQ	2.80
YDR176W	NGG1	77.5	NQ	2.02
YBR203W	COS111	145.5	3.678	4.74
YBR123C	TFC1	181.5	64.569	1.49
YBR123C	TFC1	74.5	NA	2.07
YAL049C	YAL049C	169	NQ	1.58
YOR382W	FIT2	126	2.027	7.33
YOR083W	WHI5	168	NQ	2.78
YOR083W	WHI5	269	NQ	1.57
YNR062C	YNR062C	NA	NQ	
YNL192W	CHS1	168	1.637	5.57
YMR127C	SAS2	14	NQ	2.55
YMR127C	SAS2	203	NQ	1.69
YMR075W	YMR075W	20	NQ	1.64
YMR075W	YMR075W	216.5	NQ	2.56
YHR113W	YHR113W	133.5	NQ	3.05
YHR113W	YHR113W	48.5	NQ	1.57
YDR277C	MTH1	255.5	NQ	2.40
YBR289W	SNF5	174.5	NQ	2.04
YBR289W	SNF5	257.5	NQ	1.85
YLR030W				
YNR028W	CPR8	154.5	NQ	1.56
YNR028W	CPR8	79.5	NQ	2.39
YHR110W	ERP5	144.5	NQ	3.24
YHR110W	ERP5	50.5	NQ	2.73
YBL008W	HIR1	203.5	NQ	1.32
YOR099W	KTR1	158	1.163	2.43
YOR099W	KTR1	42.5	NA	1.58
YNL326C	YNL326C	14.5	NQ	2.98
YNL326C	YNL326C	169	NQ	1.43
YNL033W				
YNL015W	PBI2	163	37.724	3.76
YLR236C				
YGL209W	MIG2	141.5	NQ	5.96
YBL085W	BOI1	39	NQ	2.33
YBL085W	BOI1	95.5	NQ	1.61
YPL282C				
YNL087W	YNL087W	20	NQ	2.58
YMR030W	RSF1	149.5	NQ	6.75
YKR069W	MET1	19	NQ	6.50
YKR067W	GPT2	136.5	NQ	6.65
YJR115W	YJR115W	133	NQ	2.47
YJR115W	YJR115W	253	NQ	3.27
YDR147W	EKI1	184.5	NQ	1.67
YDR147W	EKI1	81.5	NQ	2.66
YHR143W	DSE2	190	NA	16.31
YHR005C	GPA1	128	NQ	1.27
YGL185C	YGL185C	124.5	NQ	1.53
YGL185C	YGL185C	39	NQ	1.82
YBR008C	FLR1	279	2.553	3.88
YBR008C	FLR1	76.5	NA	1.91
YOR301W	RAX1	184	NQ	1.30
YOR301W	RAX1	31.5	NQ	2.93
YMR292W	GOT1	64.5	NQ	2.71
YMR274C	RCE1	118	NQ	0.65
YMR274C	RCE1	14.5	NQ	1.76
YPL082C	MOT1	177.5	NQ	2.47
YMR006C	PLB2	161.5	NQ	4.90
YJL183W	MNN11	15	NQ	2.13
YJL183W	MNN11	77.5	NQ	1.82
YHR098C	SFB3	46	NQ	4.42
YDR334W	YDR334W	145.5	NQ	1.14
YDR334W	YDR334W	33.5	NQ	1.02
YMR149W	SWP1	36	NQ	1.88
YML110C	COQ5	144.5	NQ	3.98
YML110C	COQ5	52.5	NQ	2.51
YER071C	YER071C	116	NQ	2.39
YER071C	YER071C	48	NQ	2.22
YLR300W	EXG1	164	NA	2.59
YLR300W	EXG1	69	NA	2.58
YLL031C	GPI13	239	NQ	1.27
YLL031C	GPI13	68	NQ	2.09
YKR075C	YKR075C	137	0.816	9.23
YJL176C	SWI3	53.5	NQ	1.86
YDR208W	MSS4	178.5	33.275	1.98
YDR208W	MSS4	257	NA	0.98
YPL004C	LSP1	151	NA	4.13
YPL004C	LSP1	262.5	NA	1.87
YMR299C	YMR299C	275.5	NQ	1.09
YMR262W	YMR262W	165	2.572	8.51
YLR085C	ARP6	206	NQ	2.01
YLR085C	ARP6	276.5	NQ	1.23
YIL176C	YIL176C	150.5	NQ	1.95
YIL176C	YIL176C	227.5	NQ	2.43
YHR173C	YHR173C	128	NQ	1.38
YHR173C	YHR173C	60	NQ	1.80
YGR035C	YGR035C	139	NQ	1.53
YGR035C	YGR035C	9.5	NQ	2.50
YFR030W	MET10	23	NQ	4.14
YDR353W	TRR1	122.5	NA	2.11
YDR353W	TRR1	20.5	1.443	4.13
YAL047C	SPC72	NA	NQ	
YNL176C	YNL176C	168	NQ	1.46
YNL176C	YNL176C	82.5	NQ	2.32
YLR056W	ERG3	30.5	48.213	3.40
YLR056W	ERG3	90	NA	1.85
YJL158C	CIS3	19.5	NA	3.15
YJL158C	CIS3	66.5	2.779	6.85
YHR038W	RRF1	115.5	NA	3.91
YHR038W	RRF1	51.5	1.056	7.43
YFR026C	YFR026C	36.5	NQ	3.13
YFL059W				
YEL017C-A	PMP2	237.5	NQ	2.17
YEL017C-A	PMP2	8.5	NQ	2.26
YOR246C	YOR246C	10	NQ	2.28
YOR246C	YOR246C	78.5	NQ	1.69
YOR112W	YOR112W	165.5	NQ	1.32
YOR112W	YOR112W	30	NQ	2.74
YMR183C	SSO2	230.5	NQ	1.15
YMR183C	SSO2	283.5	NQ	1.09
YMR096W	SNZ1	286	NA	1.51
YMR096W	SNZ1	37	1.607	4.27
YLR092W	SUL2	21.5	NQ	6.18
YJR154W	YJR154W	20.5	NQ	3.84
YJR154W	YJR154W	96	NQ	1.29
YJL157C	FAR1	135.5	2.647	4.40
YJL080C	SCP160	104	NA	2.68
YJL080C	SCP160	17	1.704	4.38
YHL003C	LAG1	209.5	NQ	1.55
YHL003C	LAG1	61	NQ	3.24
YGL184C	STR3	269.5	NQ	5.47
YPL061W	ALD6	126	2.690	2.20
YPL061W	ALD6	256.5	NA	1.75
YGR279C	SCW4	136	NA	3.38
YGR279C	SCW4	23	NA	2.33
YFL021W	GAT1	178.5	NQ	4.62
YFL021W	GAT1	8.5	NQ	2.13
YER031C	YPT31	130	NQ	1.28
YER031C	YPT31	63.5	NQ	1.52
YBR184W	YBR184W	178.5	NQ	1.02
YBR184W	YBR184W	68.5	NQ	3.09
YBL098W	BNA4	142.5	NQ	2.18
YBL098W	BNA4	36.5	NQ	1.41
YNR065C	YNR065C	174.5	NQ	1.57
YNR065C	YNR065C	247.5	NQ	1.14
YMR253C	YMR253C	50.5	NQ	0.73
YHL047C				
YER188W	YER188W	255.5	NQ	1.47
YDR179C	CSN9	78	NQ	2.06
YDL022W	GPD1	182.5	5.988	5.80
YDL022W	GPD1	256	NA	1.99
YBR083W	TEC1	150.5	3.490	3.98
YBR083W	TEC1	254.5	NA	1.67
YPL222W	YPL222W	207	NQ	0.31
YMR261C	TPS3	136.5	NQ	3.58
YMR261C	TPS3	49	NQ	1.86
YKL183W	LOT5	217.5	NQ	1.47
YKL183W	LOT5	8.5	NQ	1.76
YJL042W	MHP1	148	NQ	1.76
YJL042W	MHP1	220	NQ	2.16
YDR276C	PMP3	186.5	NQ	2.80
YOR378W				
YOR316C	COT1	192	NQ	2.55
YOR316C	COT1	56	NQ	1.08
YNL321W	YNL321W	152	NQ	3.61
YLR414C	YLR414C	158.5	NQ	1.55
YLR414C	YLR414C	63.5	NQ	1.47
YIL155C	GUT2	147.5	NQ	4.01
YDR407C	TRS120	250.5	NQ	1.97
YDR407C	TRS120	45	NQ	2.12
YDL195W	SEC31	254	NQ	1.57
YDL195W	SEC31	44.5	NQ	1.56
YBR069C	TAT1	149	NQ	1.90
YBR069C	TAT1	5	NQ	1.97
YPR183W	DPM1	25	2.213	3.69
YPL128C	TBF1	10.5	NQ	1.42
YPL128C	TBF1	70.5	NQ	2.24
YOR356W	YOR356W	138	NQ	0.43
YOR356W	YOR356W	283.5	NQ	0.81
YOR175C	YOR175C	159	NQ	2.55
YOR175C	YOR175C	55.5	NQ	2.15
YNR033W	ABZ1	124	NQ	1.86
YNR033W	ABZ1	60	NQ	2.24
YMR145C	NDE1	106.5	NQ	4.52
YGL055W	OLE1	155	3.318	2.38
YGL055W	OLE1	54	NA	1.22
YCR033W	SNT1	231	NQ	1.01
YCR033W	SNT1	280	NQ	1.00
YMR094W	CTF13	53	NQ	2.45
YMR077C	VPS20	150.5	NQ	2.54
YMR077C	VPS20	241	NQ	1.52
YML106W	URA5	13	NQ	3.67
YML106W	URA5	99	NQ	2.83
YKL134C	YKL134C	47	NA	2.64
YKL134C	YKL134C	99	14.772	3.45
YKL112W	ABF1	166	NQ	1.70
YKL112W	ABF1	300	NQ	1.69
YKL004W	AUR1	14.5	NQ	3.07
YKL004W	AUR1	227.5	NQ	2.22
YGR183C	QCR9	154	NQ	2.25
YGR183C	QCR9	34	NQ	1.57
YDR044W	HEM13	39	NQ	4.99
YBR003W	COQ1	117	NQ	3.68
YBR003W	COQ1	50	NQ	5.10
YPR158W	YPR158W	201	NQ	3.96
YPR158W	YPR158W	250	NQ	3.70
YKL182W	FAS1	160	NQ	1.98
YKL182W	FAS1	256	NQ	3.25
YJR003C	YJR003C	18	NQ	1.69
YJR003C	YJR003C	232	NQ	2.95
YER154W	OXA1	120.5	NA	1.88
YER154W	OXA1	43	4.379	5.60
YDR039C				
YDL245C				
YCR075C	ERS1	173.5	NQ	1.37
YCR075C	ERS1	47	NQ	1.93
YBL105C	PKC1	111.5	NQ	1.84
YBL105C	PKC1	276.5	NQ	1.79
YPL265W	DIP5	128	NQ	6.43
YPL265W	DIP5	20	NQ	5.86
YPL026C	SKS1	297	NQ	2.46
YPL026C	SKS1	74.5	NQ	3.55
YOL123W	HRP1	162	NQ	7.43
YNL337W	YNL337W	146.5	NQ	2.66
YNL337W	YNL337W	275.5	NQ	1.20
YNL091W	NST1	159.5	NQ	3.26
YNL091W	NST1	270	NQ	1.60
YNL054W	VAC7	4	NQ	2.23
YLR378C	SEC61	281	NQ	1.00
YLR378C	SEC61	56.5	NQ	2.01
YKL148C	SDH1	124.5	NQ	3.82
YKL148C	SDH1	50	NQ	3.37
YKL096W	CWP1	131.5	25.308	3.62
YKL096W	CWP1	84	NA	2.31
YJL044C	GYP6	159.5	NQ	3.06
YJL044C	GYP6	254.5	NQ	1.46
YJL016W				
YGR172C	YIP1	45	6.972	3.78
YPL111W	CAR1	275	NQ	1.26
YPL111W	CAR1	87.5	NQ	1.80
YOR131C	YOR131C	269	NQ	1.20
YOR131C	YOR131C	44.5	NQ	2.73
YNR066C	YNR066C	NA	NQ	
YNL238W	KEX2	216.5	NQ	1.30
YNL238W	KEX2	8.5	NQ	2.71
YNL169C	PSD1	26	NQ	1.58
YNL169C	PSD1	80.5	NQ	4.39
YLR404W	YLR404W	291.5	NQ	0.75
YLR404W	YLR404W	49.5	NQ	1.44
YLR381W	CTF3	65	3.884	4.13
YLR254C	YLR254C	154.5	22.483	2.43
YLR254C	YLR254C	239.5	NA	2.26
YHR120W	MSH1	15	NQ	1.94
YHR120W	MSH1	70	NQ	3.62
YGL139W	YGL139W	21.5	NQ	1.36
YGL139W	YGL139W	74	NQ	1.29
YBR133C	HSL7	96	53.800	3.05
YOL155C	YOL155C	161.5	4.397	2.81
YOL155C	YOL155C	284	NA	1.45
YOL137W	BSC6	23	NQ	2.34
YOL137W	BSC6	86.5	NQ	1.46
YEL031W	SPF1	204.5	NQ	1.03
YEL031W	SPF1	260.5	NQ	1.18
YCR011C	ADP1	193	NQ	3.08
YCR011C	ADP1	259	NQ	1.69
YPR128C	ANT1	122.5	NQ	1.98
YPR128C	ANT1	258.5	NQ	2.83
YNL328C	MDJ2	161	NQ	3.07
YLR461W	PAU4	159	NQ	2.17
YLR461W	PAU4	39.5	NQ	1.22
YLR398C	SKI2	0.5	NQ	1.96
YLR398C	SKI2	233	NQ	0.96
YLL064C	YLL064C	176	NQ	3.11
YJL035C	TAD2	233	NQ	1.18
YJL035C	TAD2	28	NQ	3.02
YHR112C	YHR112C	124.5	NQ	1.40
YHR112C	YHR112C	52.5	NQ	2.44
YGL093W	SPC105	137	NA	1.82
YGL093W	SPC105	55.5	1.486	3.07
YER153C	PET122	NA	NQ	
YDR302W	GPI11	9.5	NQ	2.15
YDR302W	GPI11	97	NQ	1.95
YBR187W	YBR187W	4.5	NQ	2.22
YBR187W	YBR187W	76.5	NQ	2.54
YPR156C	TPO3	NA	NQ	
YOR317W	FAA1	171	1.682	9.12
YOR035C	SHE4	194	3.321	2.96
YOR035C	SHE4	50	NA	0.99
YML053C	YML053C	173.5	NQ	2.27
YML053C	YML053C	69.5	NQ	1.39
YLR042C	YLR042C	97	NQ	0.15
YLL028W	TPO1	227.5	NA	2.32
YLL028W	TPO1	289	16.797	2.93
YKR044W	UIP5	297	NQ	2.13
YKR044W	UIP5	74	NQ	2.06
YKL163W	PIR3	255.5	3.786	7.70
YFL036W	RPO41	125	2.628	2.70
YFL036W	RPO41	47.5	NA	2.32
YBR298C	MAL31	156.5	NQ	2.67
YBR028C	YBR028C	5.5	NQ	1.77
YBR028C	YBR028C	67.5	NQ	3.54
YOR233W	KIN4	2.5	NQ	3.07
YOR233W	KIN4	72.5	NQ	1.88
YOR230W	WTM1	172.5	4.279	5.37
YOR165W	SEY1	59	NQ	3.06
YMR180C	CTL1	155	NQ	3.93
YLR078C	BOS1	167	NQ	1.89
YLR078C	BOS1	298.5	NQ	1.65
YKL225W	YKL225W	NA	NQ	
YKL035W	UGP1	144.5	NQ	3.19
YKL035W	UGP1	49	NQ	1.91
YJR010W	MET3	17	1.456	8.01
YJL095W	BCK1	177	NQ	1.06
YIL135C	VHS2	236	NQ	1.78
YIL135C	VHS2	37.5	NQ	1.67
YBR072W	HSP26	162.5	NA	4.60
YBR072W	HSP26	278.5	NA	1.84
YOL002C	YOL002C	157.5	NQ	1.26
YOL002C	YOL002C	52	NQ	2.54
YJR015W	YJR015W	128	NQ	1.32
YJR015W	YJR015W	24.5	NQ	3.10
YHR096C	HXT5	213.5	3.667	4.47
YGR222W	PET54	128	NQ	1.55
YGR222W	PET54	44	NQ	3.08
YDR345C	HXT3	275	NQ	3.30
YDR345C	HXT3	67.5	NQ	1.83
YDR310C	SUM1	15.5	NQ	2.00
YDR310C	SUM1	186.5	NQ	1.29
YBR101C	FES1	228.5	NQ	0.79
YLR396C	VPS33	123.5	NQ	1.63
YLR396C	VPS33	181.5	NQ	1.18
YJR155W	AAD10	19.5	NQ	2.68
YJR155W	AAD10	79.5	NQ	1.46
YJL214W	HXT8	NA	NQ	
YIL115C	NUP159	138.5	NQ	1.94
YIL115C	NUP159	59.5	NQ	1.66
YDR480W	DIG2	46	2.239	4.77
YNR016C	ACC1	203.5	NQ	2.05
YNR016C	ACC1	61	NQ	1.57
YKR008W	RSC4	12	NQ	1.28
YKR008W	RSC4	75	NQ	1.68
YKL062W	MSN4	125	NQ	2.90
YKL062W	MSN4	250.5	NQ	1.71
YHR099W	TRA1	124.5	NQ	1.75
YHR099W	TRA1	32.5	NQ	1.88
YGR026W	YGR026W	213	NQ	1.92
YGR026W	YGR026W	53.5	NQ	2.53
YFR028C	CDC14	11.5	NQ	2.08
YFR028C	CDC14	146	NQ	2.60
YER091C	MET6	20	1.662	5.30
YER091C	MET6	85	NA	3.00
YDL028C	MPS1	163.5	NQ	1.87
YDL028C	MPS1	84	NQ	1.82
YIR017C	MET28	210.5	NQ	2.32
YIR017C	MET28	59	NQ	2.64
YHR104W	GRE3	145.5	NQ	3.87
YHR104W	GRE3	198.5	NQ	2.59
YFL045C	SEC53	39	2.206	3.07
YCR084C	TUP1	15	NQ	1.93
YCR084C	TUP1	87	NQ	2.26
YCL001W	RER1	6.5	NQ	1.42
YCL001W	RER1	98.5	NQ	2.55
YBR299W	MAL32	76.5	NQ	2.72
YBL082C	RHK1	23	NQ	3.38
YPL264C	YPL264C	155	NQ	2.18
YPL264C	YPL264C	246.5	NQ	3.74
YOR304C-A	YOR304C-A	288.5	NQ	2.36
YOR304C-A	YOR304C-A	66	NQ	1.08
YNL066W	SUN4	185	1.049	15.76
YML120C	NDI1	52.5	NQ	3.98
YLL023C	YLL023C	173	NQ	5.40
YKR101W	SIR1	69	NQ	1.66
YKL223W	YKL223W	231.5	NQ	1.56
YKL223W	YKL223W	56	NQ	3.94
YKL052C	ASK1	161	3.518	3.09
YKL052C	ASK1	279.5	NA	1.40
YHR119W	SET1	0.5	NQ	2.35
YHR119W	SET1	223	NQ	1.04
YGR252W	GCN5	54.5	NQ	4.21
YGL259W	YPS5	128.5	NQ	1.64
YDR460W	TFB3	119	NQ	1.88
YDR460W	TFB3	18	NQ	2.39
YBR078W	ECM33	100	NA	2.90
YBR078W	ECM33	21.5	NA	4.48
YAL060W	BDH1	131	NQ	4.82
YAL060W	BDH1	47.5	NQ	1.93
YNL180C	RHO5	152.5	50.870	2.10
YNL180C	RHO5	211.5	50.870	2.47
YMR208W	ERG12	175	NQ	2.27
YMR208W	ERG12	76.5	NQ	2.58
YLR335W	NUP2	11	NQ	1.92
YLR335W	NUP2	96.5	NQ	2.45
YLR314C	CDC3	22	NA	2.08
YLR314C	CDC3	74.5	9.771	3.87
YHR179W	OYE2	293.5	NQ	4.68
YHR179W	OYE2	93	NQ	2.44
YGL125W	MET13	29	NQ	1.92
YGL125W	MET13	75	NQ	1.36
YDR506C	YDR506C	119	NQ	1.34
YDR506C	YDR506C	50.5	NQ	0.87
YDR251W	PAM1	124.5	NA	2.79
YDR251W	PAM1	46	2.114	3.28
YDR116C	MRPL1	42.5	4.190	5.62
YDR096W	GIS1	159.5	NQ	3.70
YPR204W	YPR204W	144	NQ	2.02
YPR204W	YPR204W	27.5	NQ	2.03
YOL053W	YOL053W	130	NQ	3.25
YOL053W	YOL053W	49	NQ	2.74
YKL104C	GFA1	185	NQ	2.40
YKL104C	GFA1	33.5	NQ	1.28
YJR116W	YJR116W	131	NQ	1.51
YJR116W	YJR116W	35.5	NQ	1.65
YIR023W	DAL81	19	NQ	2.03
YIR023W	DAL81	98	NQ	2.01
YHR146W	CRP1	216	NQ	2.27
YHR146W	CRP1	269.5	NQ	2.06
YHR136C	SPL2	133	NQ	2.32
YHR136C	SPL2	234	NQ	1.13
YHR045W	YHR045W	213	NQ	1.20
YHR045W	YHR045W	35.5	NQ	3.16
YGR062C	COX18	121	NQ	1.68
YGR062C	COX18	43.5	NQ	4.20
YBL020W	RFT1	29	NQ	3.04
YBL020W	RFT1	96.5	NQ	1.75
YAL064C-A				
YIL063C	YRB2	132.5	NQ	1.66
YIL063C	YRB2	220.5	NQ	1.58
YHR205W	SCH9	154	NQ	2.43
YHR205W	SCH9	3.5	NQ	2.27
YHR175W	CTR2	129.5	NQ	2.00
YHR175W	CTR2	45.5	NQ	2.30
YHL046C	YHL046C	229	NQ	2.26
YHL046C	YHL046C	35	NQ	1.02
YGL037C	PNC1	170.5	25.665	5.25
YGL037C	PNC1	251.5	NA	2.12
YEL036C	ANP1	10.5	NQ	4.04
YEL036C	ANP1	82.5	NQ	1.41
YDR061W	YDR061W	123.5	3.500	3.03
YDR061W	YDR061W	52	7.462	4.26
YDR034C	LYS14	21.5	NQ	1.51
YDR034C	LYS14	99.5	NQ	1.74
YDL135C	RDI1	48	0.827	2.64
YBR049C	REB1	159	NQ	1.93
YBR049C	REB1	95	NQ	1.59
YPL274W	SAM3	210.5	NQ	0.99
YPL274W	SAM3	73	NQ	1.88
YOR377W	ATF1	135.5	NQ	2.96
YOR377W	ATF1	32.5	NQ	1.16
YOR085W	OST3	128	NQ	1.35
YOR085W	OST3	57.5	NQ	2.26
YNR026C	SEC12	186.5	NQ	2.10
YNR026C	SEC12	9.5	NQ	2.87
YMR105C	PGM2	140.5	NQ	4.11
YMR105C	PGM2	204.5	NQ	2.99
YLR108C	YLR108C	204.5	NQ	0.38
YHL021C	YHL021C	138	NQ	7.92
YHL021C	YHL021C	46.5	NQ	4.05
YGR289C	MAL11	163.5	NQ	3.74
YDR336W	YDR336W	162	NQ	2.08
YDR336W	YDR336W	252.5	NQ	1.40
YBL061C	SKT5	19	1.478	6.39
YOR228C	YOR228C	164	NQ	3.96
YOR187W	TUF1	108.5	NA	4.52
YOR187W	TUF1	45	NA	4.37
YNL322C	KRE1	155.5	NQ	2.35
YNL322C	KRE1	294.5	NQ	2.53
YLR424W	YLR424W	171	NQ	2.92
YLR424W	YLR424W	65.5	NQ	1.54
YLR393W	ATP10	49.5	NQ	3.33
YLR354C	TAL1	134	NQ	2.70
YLR354C	TAL1	216.5	NQ	2.02
YJR127C	ZMS1	233.5	NQ	2.29
YJR127C	ZMS1	85.5	NQ	1.94
YIL126W	STH1	4.5	NQ	1.37
YIL126W	STH1	64.5	NQ	1.78
YGL128C	CWC23	132.5	NQ	1.75
YGL128C	CWC23	273	NQ	1.81
YBR094W	YBR094W	187.5	NQ	2.28
YBR094W	YBR094W	262	NQ	2.46
YPL055C	LGE1	293.5	105.854	3.20
YPL016W	SWI1	162	NQ	2.93
YPL016W	SWI1	76	NQ	2.27
YMR270C	RRN9	NA	NQ	
YMR070W	MOT3	181.5	NQ	2.63
YMR070W	MOT3	86	NQ	1.99
YKL001C	MET14	18	NQ	8.63
YIL138C	TPM2	148.5	NQ	2.51
YIL138C	TPM2	80.5	NQ	4.03
YHR214W				
YER113C	YER113C	22	NQ	3.28
YBR059C	AKL1	174	3.473	3.55
YBR059C	AKL1	255.5	NA	2.13
YAL053W	YAL053W	101	NQ	1.59
YAL053W	YAL053W	2.5	NQ	2.34
YNL303W	YNL303W	228.5	NQ	1.51
YNL303W	YNL303W	60	NQ	2.81
YLR180W	SAM1	14	1.059	12.94
YDR399W	HPT1	13.5	NQ	5.04
YDR399W	HPT1	98	NQ	1.83
YBR215W	HPC2	183.5	NQ	2.15
YBR215W	HPC2	70.5	NQ	2.36
YBR157C	ICS2	158	NA	4.18
YBR157C	ICS2	266.5	2.123	3.09
YAR068W	YAR068W	7	NQ	2.51
YPR091C	YPR091C	147	NQ	1.22
YPR091C	YPR091C	254	NQ	1.24
YNL116W	YNL116W	160	4.879	3.02
YNL116W	YNL116W	277	NA	1.21
YNL052W	COX5A	104.5	NQ	3.03
YNL052W	COX5A	41	NQ	1.57
YML127W	RSC9	173	NQ	1.21
YML127W	RSC9	8.5	NQ	3.25
YML072C	YML072C	203	NQ	2.43
YML072C	YML072C	81.5	NQ	1.71
YLL061W	MMP1	179.5	NQ	1.92
YLL061W	MMP1	295.5	NQ	2.35
YKR029C	SET3	210.5	NQ	1.78
YKR029C	SET3	23	NQ	2.18
YIL119C	RPI1	216	NQ	1.97
YIL119C	RPI1	78	NQ	1.68
YGL035C	MIG1	135	2.930	3.30
YGL035C	MIG1	264	NA	2.29
YEL025C	YEL025C	216.5	NQ	0.44
YEL025C	YEL025C	78	NQ	1.22
YDR325W	YCG1	11	NQ	1.23
YDR325W	YCG1	78.5	NQ	2.53
YDR041W	RSM10	112	NA	3.10
YDR041W	RSM10	36	1.458	5.33
YPL247C	YPL247C	173	NQ	3.92
YOR363C	PIP2	146	1.557	6.16
YGR204W	ADE3	117	NQ	1.46
YGR204W	ADE3	22	NQ	4.26
YAL040C	CLN3	19.5	1.179	5.63
YOR191W	RIS1	192	NQ	2.47
YOR191W	RIS1	42.5	NQ	1.73
YLR304C	ACO1	134.5	NQ	3.32
YLR304C	ACO1	48.5	NQ	2.58
YLR088W	GAA1	212	NQ	2.75
YLR088W	GAA1	60	NQ	1.67
YKR098C	UBP11	142.5	NQ	3.68
YKR098C	UBP11	257	NQ	1.14
YHR016C	YSC84	142.5	2.063	5.67
YFR015C	GSY1	138.5	1.449	8.66
YDR122W	KIN1	164	NQ	4.48
YDR122W	KIN1	250.5	NQ	1.77
YDL027C	YDL027C	173	NQ	3.66
YDL027C	YDL027C	256.5	NQ	1.69
YBR204C	YBR204C	153.5	NQ	2.65
YBR204C	YBR204C	48.5	NQ	1.94
YBR103W	SIF2	127	47.757	2.07
YBR103W	SIF2	61.5	NA	1.72
YAR035W	YAT1	150.5	NQ	8.93
YPR141C	KAR3	61.5	4.110	3.77
YPL123C	RNY1	172.5	1.833	7.12
YNL036W	NCE103	166	NQ	4.15
YLR389C	STE23	126.5	NQ	1.76
YLR389C	STE23	29	NQ	3.06
YLL003W	SFI1	137.5	NQ	1.82
YLL003W	SFI1	253	NQ	1.62
YKR091W	SRL3	207	NA	0.89
YKR091W	SRL3	58	52.122	1.23
YJL062W	LAS21	51.5	NQ	2.68
YER033C	ZRG8	130.5	NQ	1.67
YER033C	ZRG8	213.5	NQ	2.61
YEL071W	DLD3	107.5	NQ	2.11
YEL071W	DLD3	20.5	NQ	4.03
YDR502C	SAM2	14	NQ	3.31
YDR502C	SAM2	91.5	NQ	3.82
YDR213W	UPC2	297	NQ	2.31
YDR085C	AFR1	169.5	3.618	3.71
YDR085C	AFR1	243	NA	3.42
YCR034W	FEN1	15.5	1.558	3.67
YCR034W	FEN1	79	3.097	3.93
YOR279C	RFM1	179	NA	1.45
YOR279C	RFM1	20.5	3.753	3.29
YNL172W	APC1	123	NQ	1.38
YNL172W	APC1	207	NQ	1.22
YMR295C	YMR295C	20	NQ	1.83
YMR295C	YMR295C	97	NQ	2.44
YMR252C	YMR252C	136.5	NQ	2.49
YMR252C	YMR252C	238	NQ	1.68
YLL012W	YLL012W	6.5	NQ	4.03
YLL012W	YLL012W	78.5	NQ	2.24
YKR021W	YKR021W	114.5	NQ	2.21
YKR021W	YKR021W	249	NQ	1.28
YKR001C	VPS1	147.5	NQ	2.39
YKR001C	VPS1	57.5	NQ	2.11
YIL157C	YIL157C	131.5	NQ	4.03
YIL157C	YIL157C	53	NQ	4.03
YIL147C	SLN1	281.5	NQ	1.50
YIL147C	SLN1	56	NQ	1.78
YGR227W	DIE2	261	NQ	2.12
YGR227W	DIE2	48.5	NQ	1.94
YER114C	BOI2	14.5	NQ	1.41
YER114C	BOI2	233.5	NQ	2.57
YDL058W	USO1	184	NQ	1.55
YDL058W	USO1	53.5	NQ	1.99
YOR018W	ROD1	161	1.674	4.47
YOR018W	ROD1	246.5	NA	1.83
YLR348C	DIC1	146	1.930	10.36
YLR288C	MEC3	233	NA	0.90
YLR288C	MEC3	66.5	93.096	0.80
YJL134W	LCB3	19	1.436	3.89
YJL093C	TOK1	164	NQ	3.08
YJL093C	TOK1	241	NQ	1.53
YGL242C	YGL242C	133.5	NQ	2.00
YGL242C	YGL242C	47	NQ	2.44
YDR497C	ITR1	103.5	NA	3.50
YDR497C	ITR1	180.5	NA	1.51
YCR005C	CIT2	35	64.430	2.09
YBR296C	PHO89	284.5	NQ	1.26
YBR296C	PHO89	33	NQ	1.81
YBL001C	ECM15	105	NQ	0.85
YBL001C	ECM15	155	NQ	2.05
YBL004W	UTP20	95.5	NQ	1.97
YBL004W	UTP20	9	NQ	4.62
YBL052C	SAS3	79	5.518	3.24
YBL064C	PRX1	157.5	NQ	3.14
YBL064C	PRX1	256.5	NQ	1.49
YBR043C	YBR043C	157	29.207	3.78
YBR043C	YBR043C	254.5	NA	2.97
YBR053C	YBR053C	175.5	NQ	5.16
YBR067C	TIP1	160	NA	3.38
YBR067C	TIP1	284.5	NA	1.56
YBR160W	CDC28	154	NA	1.44
YBR160W	CDC28	29.5	5.475	3.17
YBR162C	YBR162C	183.5	NQ	2.40
YBR162C	YBR162C	91	NQ	3.86
YBR218C	PYC2	100	NQ	1.30
YBR218C	PYC2	262	NQ	2.13
YBR242W	YBR242W	227.5	NQ	1.75
YBR242W	YBR242W	4	NQ	2.47
YBR252W	DUT1	60	NQ	2.84
YBR252W	DUT1	8	NQ	1.97
YBR287W	YBR287W	181	NQ	1.56
YBR287W	YBR287W	26	NQ	2.27
YCL027W	FUS1	165	NQ	2.92
YCL027W	FUS1	257	NQ	1.50
YCL038C	ATG22	160	NQ	2.16
YCL038C	ATG22	236.5	NQ	4.51
YCR040W				
YCR086W	CSM1	274	NA	1.50
YCR086W	CSM1	67.5	58.243	2.90
YDL031W	DBP10	300	NQ	2.57
YDL031W	DBP10	93	NQ	1.82
YDL037C	BSC1	2.5	NQ	3.17
YDL048C	STP4	252.5	NA	1.87
YDL048C	STP4	94.5	66.700	2.15
YDL089W	YDL089W	256	NQ	0.94
YDL089W	YDL089W	38	NQ	2.31
YDL117W	CYK3	167	1.067	8.33
YDL124W	YDL124W	177.5	NQ	4.10
YDL124W	YDL124W	264.5	NQ	2.54
YDR001C	NTH1	160	NQ	2.11
YDR001C	NTH1	244.5	NQ	1.12
YDR346C	SVF1	1.5	NQ	1.33
YDR346C	SVF1	87.5	NQ	2.44
YDR368W	YPR1	154.5	NQ	2.11
YDR368W	YPR1	203.5	NQ	1.84
YDR383C	NKP1	156.5	NQ	2.96
YDR383C	NKP1	54.5	NQ	1.31
YDR461W	MFA1	NA	NQ	
YDR493W	YDR493W	107	NA	3.35
YDR493W	YDR493W	44.5	1.260	6.22
YDR523C	SPS1	241.5	127.509	1.46
YDR523C	SPS1	63	NA	1.22
YER018C	SPC25	126	NA	2.04
YER018C	SPC25	42.5	2.381	2.93
YER019W	ISC1	124	NQ	1.81
YER019W	ISC1	41	NQ	2.87
YER042W	MXR1	187.5	NQ	1.70
YER042W	MXR1	247.5	NQ	1.70
YER150W	SPI1	157	NQ	4.66
YER150W	SPI1	236	NQ	3.70
YFL006W	YFL006W	153	68.391	2.36
YFL006W	YFL006W	237.5	NA	1.63
YFL011W	HXT10	NA	NQ	
YFL026W	STE2	235	84.738	1.82
YFL044C	YFL044C	131	NQ	1.91
YFL044C	YFL044C	265.5	NQ	2.23
YFR002W	NIC96	14.5	NQ	1.35
YFR002W	NIC96	80	NQ	1.92
YGL032C	AGA2	250.5	3.601	2.99
YGL089C	MF(ALPHA)2	127.5	NQ	2.04
YGL255W	ZRT1	299.5	NQ	3.38
YGR065C	VHT1	123.5	NA	1.69
YGR065C	VHT1	55	NA	2.81
YGR138C	TPO2	70.5	NQ	6.25
YGR146C	YGR146C	153.5	1.852	3.76
YGR146C	YGR146C	249	NA	3.00
YGR234W	YHB1	126	NQ	2.24
YGR234W	YHB1	23.5	NQ	2.21
YGR284C	ERV29	163	NQ	2.45
YGR284C	ERV29	209.5	NQ	4.08
YHR022C	YHR022C	155.5	NQ	1.69
YHR022C	YHR022C	239	NQ	1.68
YHR030C	SLT2	64	NQ	1.11
YHR126C	YHR126C	8.5	NQ	2.29
YHR137W	ARO9	140	1.426	10.57
YHR178W	STB5	139	60.257	1.96
YHR178W	STB5	237	NA	2.63
YIL025C				
YIL117C	PRM5	279	NQ	2.74
YIL167W	YIL167W	122.5	NQ	2.17
YIL167W	YIL167W	6	NQ	1.75
YIL169C				
YJL099W	CHS6	221.5	NQ	2.19
YJL099W	CHS6	38.5	NQ	1.08
YJL217W	YJL217W	149.5	1.878	11.96
YJR001W	AVT1	105	NQ	2.94
YJR001W	AVT1	264	NQ	1.82
YJR110W	YJR110W	167	NQ	2.65
YJR112W	NNF1	286.5	NQ	2.37
YJR112W	NNF1	72.5	NQ	1.93
YJR137C	ECM17	102	NQ	2.27
YJR137C	ECM17	21.5	NQ	3.16
YKL032C	IXR1	161	1.542	4.43
YKL043W	PHD1	160.5	NQ	1.40
YKL043W	PHD1	89	NQ	1.77
YKL048C	ELM1	5	NQ	1.56
YKL048C	ELM1	85	NQ	2.79
YKL065C	YKL065C	147.5	NQ	2.14
YKL065C	YKL065C	216	NQ	2.97
YKL069W	YKL069W	233.5	NQ	1.84
YKL069W	YKL069W	81	NQ	1.84
YKL103C	LAP4	164.5	NQ	3.35
YKL103C	LAP4	52	NQ	1.64
YKL127W	PGM1	123.5	14.436	3.85
YKL127W	PGM1	65	NA	2.89
YKL129C	MYO3	156	NQ	2.99
YKL129C	MYO3	259	NQ	1.68
YKL151C	YKL151C	146.5	NQ	3.82
YKL151C	YKL151C	237.5	NQ	3.37
YKL172W	EBP2	250.5	NQ	1.48
YKL172W	EBP2	6.5	NQ	4.02
YKL209C	STE6	160.5	NQ	1.44
YKL209C	STE6	247.5	NQ	1.70
YKR042W	UTH1	15.5	NA	2.48
YKR046C	PET10	160	4.904	3.77
YLR058C	SHM2	17	NQ	11.58
YLR099C	ICT1	15	NQ	1.86
YLR099C	ICT1	71	NQ	1.31
YLR209C	PNP1	84	75.491	0.80
YLR258W	GSY2	163	7.651	8.38
YLR286C	CTS1	190	4.973	11.57
YLR303W	MET17	119.5	NQ	1.18
YLR303W	MET17	23	NQ	1.98
YLR413W	YLR413W	20	NQ	9.11
YLR452C	SST2	194	96.556	1.00
YLR452C	SST2	72	96.556	1.22
YML066C				
YML100W	TSL1	160	6.800	8.02
YML123C	PHO84	25.5	NQ	5.14
YML125C	YML125C	293	NQ	3.60
YML125C	YML125C	75.5	NQ	1.27
YMR015C	ERG5	176.5	NQ	1.72
YMR015C	ERG5	269.5	NQ	2.53
YMR055C	BUB2	289.5	60.812	2.81
YMR163C	YMR163C	58.5	NQ	1.13
YMR189W	GCV2	11.5	NQ	4.50
YMR198W	CIK1	294	NA	1.29
YMR198W	CIK1	78	3.641	3.24
YMR202W	ERG2	104.5	NQ	2.77
YMR202W	ERG2	5	NQ	2.74
YMR238W	DFG5	173.5	NQ	1.67
YMR238W	DFG5	286.5	NQ	1.94
YMR254C				
YNL037C	IDH1	53	3.426	9.20
YNL053W	MSG5	292	NQ	2.09
YNL053W	MSG5	89	NQ	2.01
YNL056W	YNL056W	10.5	NQ	2.65
YNL056W	YNL056W	134.5	NQ	1.57
YNL111C	CYB5	292.5	NQ	3.29
YNL111C	CYB5	84.5	NQ	3.21
YNL134C	YNL134C	255.5	NQ	3.50
YNL134C	YNL134C	66	NQ	1.76
YNL145W	MFA2	116.5	NQ	1.83
YNL145W	MFA2	3.5	NQ	3.28
YNL173C	MDG1	145	35.094	5.09
YNL173C	MDG1	199	34.864	2.93
YNR044W	AGA1	155	0.911	3.58
YNR044W	AGA1	263.5	NA	1.78
YNR050C	LYS9	16	NQ	12.30
YOL014W	YOL014W	5	NQ	2.57
YOL016C	CMK2	148.5	NQ	3.35
YOL016C	CMK2	252	NQ	1.73
YOL088C	MPD2	154	NQ	3.72
YOR104W	PIN2	182.5	NQ	1.52
YOR104W	PIN2	287	NQ	1.87
YOR105W				
YOR129C	YOR129C	164.5	NQ	1.71
YOR129C	YOR129C	58	NQ	1.83
YOR130C	ORT1	280.5	NQ	1.91
YOR130C	ORT1	65.5	NQ	1.21
YOR152C	YOR152C	200	NA	0.94
YOR152C	YOR152C	53.5	85.098	0.58
YOR153W	PDR5	109	NA	1.73
YOR153W	PDR5	14.5	2.262	3.67
YOR256C	YOR256C	185.5	NQ	2.69
YOR256C	YOR256C	36.5	NQ	1.33
YOR273C	TPO4	141	1.708	7.21
YOR283W	YOR283W	215	NQ	1.63
YOR283W	YOR283W	2.5	NQ	4.38
YOR308C	SNU66	6.5	NQ	2.96
YOR308C	SNU66	79	NQ	1.43
YOR355W	GDS1	172	1.298	3.83
YOR355W	GDS1	255	NA	3.12
YPL058C	PDR12	297.5	NQ	1.78
YPL058C	PDR12	71.5	NQ	1.83
YPL075W	GCR1	239	NQ	1.88
YPL075W	GCR1	61	NQ	2.45
YPL133C	RDS2	14.5	NQ	1.06
YPL133C	RDS2	231.5	NQ	2.49
YPL187W	MF(ALPHA)1	31	1.896	10.47
YPR013C	YPR013C	21.5	NQ	4.99
YPR052C	NHP6A	83	2.843	3.18
YPR111W	DBF20	133	34.649	1.73
YPR155C	NCA2	150	NQ	3.46
YPR159W	KRE6	100.5	NA	2.53
YPR159W	KRE6	24.5	0.858	6.62
YPR167C	MET16	10.5	2.613	4.35
YPR167C	MET16	86	NA	2.03
