YDR097C	MSH6	G1/S	50
YDL003W	MCD1	S	57
YKL045W	PRI2	G1/S	44
YBL035C	POL12	G1/S	45
YOL007C		G1/S	51
YLR103C	CDC45	G1/S	46
YBR088C	POL30	G1/S	49
YPL153C	RAD53	G1(P)	38
YOL090W	MSH2	G1/S	47
YOL017W	ESC8	G1/S	46
YLR183C	TOS4	G1/S	48
YAR007C	RFA1	G1/S	50
YNL082W	PMS1	G1/S	50
YCL024W	KCC4	G1/S	42
YPR135W	CTF4	G1/S	48
YPL256C	CLN2	G1/S	52
YMR179W	SPT21	G1/S	42
YPR175W	DPB2	G1/S	40
YNL233W	BNI4	G1(P)	32
YER070W	RNR1	G1/S	47
YNL273W	TOF1	G1/S	44
YOR074C	CDC21	G1/S	46
YGR221C		G1/S	48
YDR507C	GIN4	G1/S	46
YDL156W		G1(P)	31
YML027W	YOX1	G1/S	53
YGR109C	CLB6	G1/S	47
YJL115W	ASF1	G1/S	48
YGR152C	RSR1	G1(P)	19
YPR018W	RLF2	G1/S	45
YOR144C	ELG1	G1/S	46
YCL061C	MRC1	G1/S	48
YPR174C		G1/S	43
YPL267W		G1/S	44
YJL074C	SMC3	G1/S	53
YIL140W	AXL2	G1/S	50
YAR008W	SEN34	G1/S	44
YKL113C	RAD27	G1/S	48
YNL312W	RFA2	G1/S	49
YBR070C		G1/S	46
YLL022C		G1/S	50
YDL101C	DUN1	G1/S	48
YLR313C	SPH1	G1/S	42
YLR383W	RHC18	G1/S	54
YHR153C	SPO16	S	56
YNL309W	STB1	G1(P)	38
YLR212C	TUB4	G1/S	46
YMR078C	CTF18	G1/S	52
YDR440W	DOT1	G1/S	44
YGR189C	CRH1	M	174
YOR033C	EXO1	G1(P)	34
YCR065W	HCM1	G1(P)	34
YLR032W	RAD5	G1(P)	36
YKL101W	HSL1	S	62
YPL208W		G1/S	49
YHL050C		G1/S	39
YML020W		G1/S	45
YDR279W		G1/S	40
YDL103C	QRI1	G1/S	46
YDL164C	CDC9	G1/S	46
YNL072W		G1/S	51
YOR321W	PMT3	G1/S	50
YGL038C	OCH1	G1/S	48
YMR199W	CLN1	G1/S	49
YLR121C	YPS3	G1/S	50
YNL262W	POL2	G1/S	46
YJL187C	SWE1	S	59
YHR218W		G1/S	42
YKR013W	PRY2	G1/S	48
YIL177C		G2/M	132
YJR030C		G1/S	42
YLR467W	YRF1-5	G1/S	46
YDL211C		G1/S	50
YBR071W		M	164
YML061C	PIF1	S	59
YFL008W	SMC1	G1/S	47
YPL163C	SVS1	S	56
YLL002W	RTT109	G1/S	48
YNL339C	YRF1-6	G1(P)	36
YDL018C	ERP3	G2/M	144
YNL310C		G1/S	44
YML102W	CAC2	G1(P)	36
YNL334C	SNO2	G1/S	41
YOR195W	SLK19	G1/S	52
YER111C	SWI4	M	161
YBR073W	RDH54	G1/S	48
YER095W	RAD51	M	154
YNL289W	PCL1	G1/S	54
YMR076C	PDS5	G1/S	55
YHR127W		G1/S	51
YDL102W	CDC2	G1/S	43
YPL124W	SPC29	S	57
YKL089W	MIF2	G1(P)	34
YIL026C	IRR1	G1/S	50
YDR503C	LPP1	G1/S	42
YDL197C	ASF2	M	162
YPL255W	BBP1	G1/S	52
YHR149C		G1(P)	28
YER001W	MNN1	G1(P)	38
YNL102W	POL1	G1/S	47
YKR090W		S	57
YDL093W	PMT5	G1/S	46
YLR464W		G1/S	46
YKL165C	MCD4	G1/S	46
YHR154W	RTT107	G1/S	50
YNL304W	YPT11	G1/S	43
YBR275C	RIF1	G1/S	50
YNL300W		G1/S	52
YDR400W	URH1	G1(P)	34
YNL181W		S	56
YLL067C		G1/S	41
YNL231C	PDR16	G1(P)	13
YFL067W		G1	229
YML060W	OGG1	G1(P)	12
YMR048W	CSM3	G1/S	50
YOR114W		S	60
YGL027C	CWH41	G1/S	51
YBR087W	RFC5	S	56
YGL207W	SPT16	M/G1	187
YJR043C	POL32	G1/S	42
YJR006W	HYS2	G1/S	52
YDR113C	PDS1	S	56
YLR233C	EST1	G2/M	138
YJL225C		G2/M	142
YJL019W	MPS3	S	69
YPL221W		G1(P)	12
YGL061C	DUO1	S	57
YNL263C	YIF1	G1(P)	36
YNL206C	RTT106	G1(P)	28
YJL072C	PSF2	G1(P)	300
YFL068W		G1(P)	32
YOL019W		G1/S	48
YML119W		M	150
YIL066C	RNR3	G1	256
YLR466W	YRF1-4	G1(P)	38
YNL272C	SEC2	G1/S	46
YMR032W	HOF1	G2/M	138
YLR049C		G1/S	40
YMR029C	FAR8	M	152
YJL073W	JEM1	G1/S	46
YGR153W		S	60
YDL095W	PMT1	G1(P)	35
YER118C	SHO1	G1(P)	20
YBR038W	CHS2	G2/M	136
YKL042W	SPC42	S	72
YBR233W	PBP2	G2/M	139
YFR041C		G1/S	50
YLR382C	NAM2	S	56
YJL181W		G1(P)	38
YPL057C	SUR1	M	174
YMR001C	CDC5	G2	106
YLL066C		G1(P)	36
YLR190W	MMR1	G2	121
YJL173C	RFA3	G1/S	54
YOR288C	MPD1	G1/S	44
YPL209C	IPL1	G1/S	50
YER149C	PEA2	G1(P)	17
YPR119W	CLB2	G2	100
YDR013W	PSF1	G1/S	45
YPL014W		G1(P)	24
YNL278W	CAF120	G1(P)	38
YML021C	UNG1	G1(P)	32
YOR176W	HEM15	M	174
YLR151C	PCD1	M	158
YEL061C	CIN8	S	66
YOR284W	HUA2	G1/S	52
YOR038C	HIR2	G1(P)	34
YLL021W	SPA2	G1(P)	34
YER170W	ADK2	G1/S	49
YBR161W	CSH1	S	56
YGL163C	RAD54	G1(P)	30
YPL127C	HHO1	S	58
YMR144W		G1/S	44
YLR386W	VAC14	G1/S	46
YML133C		G1(P)	38
YOR084W		M	154
YDL105W	QRI2	G2	122
YDR297W	SUR2	G1(P)	12
YNL225C	CNM67	G1/S	49
YHR023W	MYO1	M	146
YDR488C	PAC11	G2/M	134
YLR462W		G1(P)	38
YJL051W		G2	128
YHR159W		G2/M	133
YDR501W	PLM2	G1(P)	38
YGR041W	BUD9	M	176
YAR003W	SWD1	G1/S	40
YBL112C		G1/S	40
YNL290W	RFC3	G1(P)	24
YOR373W	NUD1	G1/S	44
YLR131C	ACE2	G2/M	144
YCL022C		G1(P)	30
YBR276C	PPS1	G2	124
YAR018C	KIN3	M	162
YKR010C	TOF2	S	83
YHR188C	GPI16	G2/M	134
YER003C	PMI40	S	56
YGL116W	CDC20	M	149
YOL034W	SMC5	S	57
YLR376C		S	57
YGR108W	CLB1	S	89
YML109W	ZDS2	G1/S	43
YDR146C	SWI5	G2/M	132
YOR073W	SGO1	S	68
YPL015C	HST2	G2/M	134
YNL126W	SPC98	S	70
YFR046C		G1/S	54
YPL007C	TFC8	S	57
YNL077W	APJ1	G1	226
YDR307W		G1/S	50
YOR017W	PET127	G1(P)	36
YLR045C	STU2	S	78
YOR025W	HST3	M	172
YNR009W		S	68
YKL067W	YNK1	G1/S	49
YAL023C	PMT2	G1(P)	24
YKR077W		G1(P)	38
YBL009W		S	72
YBL002W	HTB2	S	72
YIL158W		G2/M	131
YBR202W	CDC47	G1(P)	24
YNR061C		G1	208
YJR092W	BUD4	G2	122
YJL091C	GWT1	G1/S	51
YLR234W	TOP3	G1	280
YGR015C		G2/M	140
YIR008C	PRI1	G1/S	54
YIL106W	MOB1	G2/M	142
YDR224C	HTB1	S	60
YDR481C	PHO8	M	148
YOL149W	DCP1	M/G1	182
YOL006C	TOP1	M	180
YNL058C		G2/M	136
YPL242C	IQG1	M	148
YHR172W	SPC97	S	62
YGL200C	EMP24	G1/S	42
YHR050W	SMF2	G2	123
YGR014W	MSB2	S	56
YBR245C	ISW1	G1(P)	28
YBL003C	HTA2	S	59
YGR188C	BUB1	S	68
YAL007C	ERP2	G1/S	40
YHR158C	KEL1	S	56
YGL094C	PAN2	S	62
YEL064C	AVT2	G1/S	48
YBL034C	STU1	G1/S	42
YOL070C		M	161
YGL021W	ALK1	G2	130
YBR138C		G2/M	143
YNL030W	HHF2	S	63
YML034W	SRC1	G1	268
YLR463C		G2/M	134
YLR182W	SWI6	M	146
YPL141C		G1(P)	2
YOR315W		G2	99
YNL166C	BNI5	S	68
YDR518W	EUG1	G1/S	46
YBR098W	MMS4	G1/S	54
YLR273C	PIG1	M	166
YGR238C	KEL2	G1/S	46
YPL155C	KIP2	G1(P)	6
YPR185W	ATG13	G1/S	51
YLR326W		G1(P)	13
YLR274W	CDC46	G1(P)	18
YJL092W	HPR5	S	66
YJL079C	PRY1	G1(P)	28
YGL241W	KAP114	S	61
YOR372C	NDD1	S	67
YOR039W	CKB2	G1(P)	4
YLR457C	NBP1	S	56
YIL132C	CSM2	G1/S	40
YBR010W	HHT1	S	64
YMR177W	MMT1	G1(P)	18
YER014W	HEM14	G1	235
YMR011W	HXT2	G1(P)	4
YEL040W	UTR2	G1(P)	20
YPL115C	BEM3	G1(P)	28
YML101C	CUE4	M	157
YBL086C		M	162
YPL008W	CHL1	S	56
YOR058C	ASE1	M	166
YKL066W		G2	128
YDR014W	RAD61	G1/S	43
YBL031W	SHE1	S	74
YPL032C	SVL3	S	69
YKR037C	SPC34	M	148
YJL159W	HSP150	M	164
YOL011W	PLB3	M	157
YOR026W	BUB3	M	162
YNL283C	WSC2	S	58
YFR039C		G1	224
YMR031C		M	157
YFL062W	COS4	G1	225
YDL157C		G1/S	51
YPL116W	HOS3	M	152
YGR092W	DBF2	G2/M	137
YGL060W	YBP2	G1/S	50
YLR342W	FKS1	G1(P)	18
YLR135W	SLX4	G1/S	41
YKL185W	ASH1	M	163
YPR120C	CLB5	G1(P)	38
YLR373C	VID22	S	76
YJR143C	PMT4	G1/S	41
YFR042W		G1/S	45
YER016W	BIM1	S	58
YOL094C	RFC4	G1(P)	12
YHR123W	EPT1	S	71
YNL031C	HHT2	S	60
YLR380W	CSR1	G1(P)	13
YEL032W	MCM3	G1(P)	16
YLR084C	RAX2	G2	99
YHL048W	COS8	G1/S	47
YGL225W	VRG4	S	56
YDL127W	PCL2	G1(P)	35
YNL078W	NIS1	M	180
YML069W	POB3	G1/S	42
YCL063W	VAC17	G2	92
YGL201C	MCM6	G1(P)	18
YGR099W	TEL2	S	62
YAL022C	FUN26	G1(P)	19
YOR132W	VPS17	M	157
YOR111W		G1/S	52
YJL123C		M	180
YNL274C		M	148
YOR342C		G1(P)	12
YOR188W	MSB1	S	68
YNL209W	SSB2	G1(P)	17
YGR140W	CBF2	S	64
YDR180W	SCC2	M/G1	182
YBL063W	KIP1	S	64
YML038C	YMD8	G1(P)	3
YER032W	FIR1	S	69
YOR247W	SRL1	S	74
YHR061C	GIC1	S	69
YKL108W	SLD2	G1(P)	21
YDR052C	DBF4	M	168
YLR372W	SUR4	G1(P)	18
YDR309C	GIC2	G1(P)	30
YOR016C	ERP4	M/G1	190
YNL039W	BDP1	G1(P)	12
YGL075C	MPS2	G1	230
YBR041W	FAT1	G1/S	39
YOL147C	PEX11	M	158
YML012W	ERV25	M	153
YLR188W	MDL1	S	57
YLR079W	SIC1	M	164
YDR033W	MRH1	G1	286
YCR024C-A	PMP1	G1	196
YBR092C	PHO3	G1(P)	14
YPR075C	OPY2	M	164
YPL253C	VIK1	S	64
YKL092C	BUD2	G2	130
YKL008C	LAC1	G1	234
YJL201W	ECM25	G1(P)	35
YIL159W	BNR1	G1/S	41
YBR054W	YRO2	G1	209
YEL017W	GTT3	M	150
YBL023C	MCM2	G1(P)	26
YBR243C	ALG7	G1(P)	34
YIL123W	SIM1	S	61
YHL026C		G1(P)	6
YDR489W	SLD5	G1(P)	21
YBR302C	COS2	M	156
YHR151C		G1(P)	296
YDL010W		G1/S	42
YPR149W	NCE102	M	158
YOL008W		M	176
YMR307W	GAS1	G1(P)	20
YKL164C	PIR1	M	168
YKL116C	PRR1	M	154
YDL220C	CDC13	G1(P)	26
YGR286C	BIO2	G1(P)	29
YOR229W	WTM2	M	168
YOR081C		G1(P)	0
YLR154C		G1/S	51
YIL009W	FAA3	G2/M	136
YHR152W	SPO12	G2/M	142
YGR086C	PIL1	M	159
YGL175C	SAE2	M/G1	183
YGL065C	ALG2	G1/S	44
YEL047C		M	154
YBR015C	MNN2	G1(P)	24
YNL088W	TOP2	S	58
YNR067C	DSE4	M	172
YDR451C	YHP1	S	82
YDR219C		G2/M	142
YOR327C	SNC2	M	158
YMR095C	SNO1	G1(P)	38
YOL033W	MSE1	G1/S	50
YGR012W		G1/S	47
YGL012W	ERG4	G1(P)	30
YPL241C	CIN2	G1/S	46
YOL158C	ENB1	G2	128
YMR058W	FET3	G1(P)	34
YLR050C		G1/S	44
YJR057W	CDC8	G1/S	53
YGR177C	ATF2	G1(P)	27
YDR183W	PLP1	G1/S	50
YBR042C		M	175
YML065W	ORC1	S	86
YIR010W	DSN1	S	70
YNR001C	CIT1	G1/S	46
YNL188W	KAR1	G1(P)	2
YDR261C	EXG2	S	68
YDR055W	PST1	M	164
YPL158C		M	165
YNL165W		G1	262
YLR455W		S	70
YLR272C	YCS4	S	67
YML052W	SUR7	G2	124
YJR054W		G2	96
YJL097W		G1(P)	35
YGR042W		M	148
YDR089W		G1(P)	22
YDL248W	COS7	M	153
YOR368W	RAD17	G1/S	46
YOL069W	NUF2	M	162
YML132W	COS3	G1	222
YKL046C	DCW1	G1(P)	26
YJL194W	CDC6	G2/M	145
YBR001C	NTH2	G2/M	144
YPL232W	SSO1	G1(P)	14
YFL063W		G2/M	144
YDR222W		G1	290
YNL335W		M	161
YNL327W	EGT2	M	170
YMR003W		S	75
YJR161C	COS5	G1	223
YGR113W	DAM1	S	63
YDL055C	PSA1	M/G1	185
YOR066W		G1(P)	5
YMR296C	LCB1	G1(P)	11
YFL037W	TUB2	G2/M	134
YDR348C		G1(P)	21
YJR162C		M	154
YEL042W	GDA1	G1(P)	14
YDR191W	HST4	G1	242
YMR305C	SCW10	G1/S	39
YLL032C		S	88
YFR027W	ECO1	G1/S	45
YOR383C	FIT3	M	160
YLR297W		G1	248
YLR126C		G2	120
YER174C	GRX4	G1(P)	31
YBL010C		S	56
YGL253W	HXK2	G1/S	42
YPL023C	MET12	G1(P)	22
YNL218W	MGS1	G2	120
YNL160W	YGP1	G1	264
YCL014W	BUD3	G2	110
YBR158W	AMN1	M	178
YNL313C		G1(P)	8
YMR215W	GAS3	S	72
YPR019W	CDC54	G2	130
YOR023C	AHC1	G1	260
YNL068C	FKH2	G1(P)	3
YLL065W		M	154
YJR053W	BFA1	G1(P)	21
YDL179W	PCL9	M	166
YBR093C	PHO5	M	166
YFR016C		G1/S	50
YOR184W	SER1	G1(P)	22
YPR173C	VPS4	G1(P)	8
YOR320C	GNT1	G1/S	42
YOR075W	UFE1	G1(P)	38
YLR194C		M	167
YDL155W	CLB3	G1	283
YOR198C	BFR1	S	56
YNL333W	SNZ2	G1/S	50
YLR214W	FRE1	G1(P)	297
YGR143W	SKN1	G2/M	144
YGL028C	SCW11	M/G1	184
YPR104C	FHL1	S	80
YMR190C	SGS1	S	84
YJR076C	CDC11	S	72
YBL046W		M/G1	182
YBR007C		G1(P)	22
YAR071W	PHO11	G1	252
YNL197C	WHI3	M	158
YDR342C	HXT7	M	154
YBL032W	HEK2	S	72
YAR060C		G1	220
YPR106W	ISR1	M	175
YOL030W	GAS5	G1(P)	19
YLL062C	MHT1	G1(P)	36
YJL078C	PRY3	M/G1	182
YGL216W	KIP3	G1	287
YER145C	FTR1	G1(P)	28
YDL219W	DTD1	G1(P)	29
YKL130C	SHE2	G2	94
YHR086W	NAM8	S	58
YOR264W	DSE3	M	170
YMR160W		G1	204
YGL022W	STT3	G1/S	50
YLR034C	SMF3	M/G1	182
YJL137C	GLG2	G2/M	134
YFR031C	SMC2	S	61
YFL016C	MDJ1	G1/S	48
YAL069W		G1	269
YPR004C		G1(P)	28
YLR343W		G1	289
YIL156W	UBP7	G1	229
YIL131C	FKH1	S	67
YGR098C	ESP1	S	70
YFR038W		G1/S	41
YEL074W		M	157
YDR343C	HXT6	M	154
YLR057W		G1(P)	9
YHR160C	PEX18	M	146
YGR295C	COS6	M	160
YER152C		G2	128
YPL066W		G1	212
YML059C		S	85
YDL227C	HO	G1	243
YML058W	SML1	G1(P)	21
YDR150W	NUM1	G1	264
YOR115C	TRS33	G1(P)	16
YNL216W	RAP1	M	160
YGR044C	RME1	M/G1	187
YDR516C	EMI2	G2	126
YBR156C	SLI15	S	72
YBL109W		M	158
YPL036W	PMA2	G1	225
YHL040C	ARN1	S	69
YGL210W	YPT32	G1	207
YER124C	DSE1	M/G1	190
YPL227C	ALG5	S	61
YIL162W	SUC2	G1/S	52
YDR532C		G1	226
YOR313C	SPS4	G2	100
YMR102C		G1	218
YKR054C	DYN1	G2	95
YJR148W	BAT2	M	154
YHL028W	WSC4	G2	96
YFR053C	HXK1	G2/M	138
YNL046W		M	168
YML085C	TUB1	S	70
YGL174W	BUD13	G1(P)	25
YDR528W	HLR1	G1(P)	30
YIL050W	PCL7	S	60
YGR142W	BTN2	G1	234
YBR278W	DPB3	M	152
YML064C	TEM1	M	159
YDL180W		G1(P)	33
YNL291C	MID1	G1/S	41
YMR002W		G2	125
YER122C	GLO3	S	68
YDL138W	RGT2	G2/M	133
YOL012C	HTZ1	S	78
YLR210W	CLB4	S	80
YIL129C	TAO3	G2	128
YCR042C	TAF2	M/G1	185
YCL040W	GLK1	M	162
YAL068C		G1	239
YPL269W	KAR9	S	68
YOR326W	MYO2	S	83
YJR144W	MGM101	G1(P)	298
YHR108W	GGA2	S	60
YGL083W	SCY1	G1/S	48
YDL056W	MBP1	S	74
YNL298W	CLA4	G1(P)	21
YJL196C	ELO1	G2	130
YDR356W	SPC110	S	66
YBR139W		M	172
YOR307C	SLY41	G1(P)	2
YAL024C	LTE1	G1(P)	20
YPR034W	ARP7	M	152
YNL336W	COS1	G1	230
YGL008C	PMA1	G1(P)	18
YOR127W	RGA1	G1(P)	30
YLR438W	CAR2	G2/M	144
YJL218W		G1/S	50
YJL216C		M	154
YGL101W		M	158
YDR263C	DIN7	G1/S	40
YDR077W	SED1	M	170
YDR011W	SNQ2	G1	260
YCL064C	CHA1	G1/S	48
YBR086C	IST2	S	83
YLR353W	BUD8	G2	102
YIL144W	TID3	S	74
YOL112W	MSB4	G1(P)	28
YJL059W	YHC3	M	163
YHR092C	HXT4	G1(P)	2
YER104W	RTT105	G2	130
YDR499W	LCD1	G1	252
YBR200W	BEM1	G2	124
YOR375C	GDH1	G1(P)	20
YOL113W	SKM1	G1/S	48
YJL002C	OST1	G2	117
YHR039C	MSC7	G1(P)	36
YGL097W	SRM1	G1(P)	14
YDL090C	RAM1	M/G1	186
YCR023C		G2	130
YOR086C		M/G1	185
YJL118W		S	76
YIL122W	POG1	G1	256
YGR055W	MUP1	G1(P)	2
YER072W	VTC1	G1(P)	23
YDL128W	VCX1	M	164
YLR459W	CDC91	G2/M	132
YJL172W	CPS1	G1	252
YIL139C	REV7	S	60
YHR135C	YCK1	G2	128
YDR227W	SIR4	G2	91
YBR112C	CYC8	G2	126
YLR437C		M	146
YLR436C	ECM30	M	156
YKL049C	CSE4	S	88
YJL034W	KAR2	G1	231
YGL257C	MNT2	S	60
YER004W		M	174
YEL065W	SIT1	G2	110
YDL052C	SLC1	G1/S	40
YPR157W		G2/M	136
YHR107C	CDC12	S	68
YDR176W	NGG1	M	175
YBR203W	COS111	M	146
YBR123C	TFC1	S	74
YAL049C		M	169
YOR382W	FIT2	G2	126
YOR083W	WHI5	M	168
YNR062C		M	175
YNL192W	CHS1	M	168
YMR127C	SAS2	G1(P)	14
YMR075W		G1	216
YHR113W		G2/M	134
YDR277C	MTH1	G1	256
YBR289W	SNF5	M	174
YNR028W	CPR8	S	80
YHR110W	ERP5	G2/M	144
YBL008W	HIR1	G1	204
YOR099W	KTR1	M	158
YNL326C		G1(P)	14
YNL015W	PBI2	M	163
YGL209W	MIG2	G2/M	142
YBL085W	BOI1	G1/S	39
YNL087W		G1(P)	20
YMR030W	RSF1	M	150
YKR069W	MET1	G1(P)	19
YKR067W	GPT2	G2/M	136
YJR115W		G1	253
YDR147W	EKI1	S	82
YHR143W	DSE2	M/G1	190
YHR005C	GPA1	G2	128
YGL185C		G1/S	39
YBR008C	FLR1	G1	279
YOR301W	RAX1	G1(P)	32
YMR292W	GOT1	S	64
YMR274C	RCE1	G1(P)	14
YPL082C	MOT1	M	178
YMR006C	PLB2	M	162
YJL183W	MNN11	G1(P)	15
YHR098C	SFB3	G1/S	46
YDR334W		M	146
YMR149W	SWP1	G1(P)	36
YML110C	COQ5	G2/M	144
YER071C		G2	116
YLR300W	EXG1	M	164
YLL031C	GPI13	S	68
YKR075C		G2/M	137
YJL176C	SWI3	G1/S	54
YDR208W	MSS4	M	178
YPL004C	LSP1	M	151
YMR299C		G1	276
YMR262W		M	165
YLR085C	ARP6	G1	206
YIL176C		G1	228
YHR173C		S	60
YGR035C		G1(P)	10
YFR030W	MET10	G1(P)	23
YDR353W	TRR1	G1(P)	20
YAL047C	SPC72	G1	268
YNL176C		S	82
YLR056W	ERG3	G1(P)	30
YJL158C	CIS3	S	66
YHR038W	RRF1	G1/S	52
YFR026C		G1(P)	36
YEL017C-A	PMP2	G1(P)	8
YOR246C		G1(P)	10
YOR112W		G1(P)	30
YMR183C	SSO2	G1	230
YMR096W	SNZ1	G1(P)	37
YLR092W	SUL2	G1(P)	22
YJR154W		G1(P)	20
YJL157C	FAR1	G2/M	136
YJL080C	SCP160	G1(P)	17
YHL003C	LAG1	S	61
YGL184C	STR3	G1	270
YPL061W	ALD6	G2	126
YGR279C	SCW4	G2/M	136
YFL021W	GAT1	M	178
YER031C	YPT31	S	64
YBR184W		S	68
YBL098W	BNA4	G2/M	142
YNR065C		M	174
YMR253C		G1/S	50
YER188W		G1	256
YDR179C	CSN9	S	78
YDL022W	GPD1	M/G1	182
YBR083W	TEC1	M	150
YPL222W		G1	207
YMR261C	TPS3	G2/M	136
YKL183W	LOT5	G1(P)	8
YJL042W	MHP1	G1	220
YDR276C	PMP3	M/G1	186
YOR316C	COT1	M/G1	192
YNL321W		M	152
YLR414C		M	158
YIL155C	GUT2	M	148
YDR407C	TRS120	G1/S	45
YDL195W	SEC31	G1	254
YBR069C	TAT1	G1(P)	5
YPR183W	DPM1	G1(P)	25
YPL128C	TBF1	S	70
YOR356W		G1	284
YOR175C		M	159
YNR033W	ABZ1	S	60
YMR145C	NDE1	G2	106
YGL055W	OLE1	M	155
YCR033W	SNT1	G1	231
YMR094W	CTF13	G1/S	53
YMR077C	VPS20	M	150
YML106W	URA5	G1(P)	13
YKL134C		G2	99
YKL112W	ABF1	M	166
YKL004W	AUR1	G1(P)	14
YGR183C	QCR9	M	154
YDR044W	HEM13	G1/S	39
YBR003W	COQ1	G1/S	50
YPR158W		G1	201
YKL182W	FAS1	G1	256
YJR003C		G1	232
YER154W	OXA1	G1/S	43
YCR075C	ERS1	G1/S	47
YBL105C	PKC1	G2	112
YPL265W	DIP5	G2	128
YPL026C	SKS1	S	74
YOL123W	HRP1	M	162
YNL337W		M	146
YNL091W	NST1	M	160
YNL054W	VAC7	G1(P)	4
YLR378C	SEC61	S	56
YKL148C	SDH1	G2	124
YKL096W	CWP1	G2/M	132
YJL044C	GYP6	M	160
YGR172C	YIP1	G1/S	45
YPL111W	CAR1	S	88
YOR131C		G1/S	44
YNR066C		G1(P)	1
YNL238W	KEX2	G1(P)	8
YNL169C	PSD1	S	80
YLR404W		G1/S	50
YLR381W	CTF3	S	65
YLR254C		M	154
YHR120W	MSH1	S	70
YGL139W		G1(P)	22
YBR133C	HSL7	G2	96
YOL155C		M	162
YOL137W	BSC6	G1(P)	23
YEL031W	SPF1	G1	260
YCR011C	ADP1	M/G1	193
YPR128C	ANT1	G1	258
YNL328C	MDJ2	M	161
YLR461W	PAU4	M	159
YLR398C	SKI2	G1(P)	0
YLL064C		M	176
YJL035C	TAD2	G1(P)	28
YHR112C		G1/S	52
YGL093W	SPC105	S	56
YER153C	PET122	M	163
YDR302W	GPI11	G1(P)	10
YBR187W		S	76
YPR156C	TPO3	G1/S	50
YOR317W	FAA1	M	171
YOR035C	SHE4	M/G1	194
YML053C		M	174
YLR042C		G2	97
YLL028W	TPO1	G1	289
YKR044W	UIP5	G1(P)	297
YKL163W	PIR3	G1	256
YFL036W	RPO41	G2	125
YBR298C	MAL31	M	156
YBR028C		S	68
YOR233W	KIN4	G1(P)	2
YOR230W	WTM1	M	172
YOR165W	SEY1	S	59
YMR180C	CTL1	M	155
YLR078C	BOS1	M	167
YKL225W		M	176
YKL035W	UGP1	G2/M	144
YJR010W	MET3	G1(P)	17
YJL095W	BCK1	M	177
YIL135C	VHS2	G1	236
YBR072W	HSP26	M	162
YOL002C		G1/S	52
YJR015W		G1(P)	24
YHR096C	HXT5	G1	214
YGR222W	PET54	G1/S	44
YDR345C	HXT3	G1	275
YDR310C	SUM1	G1(P)	16
YBR101C	FES1	G1	228
YLR396C	VPS33	G2	124
YJR155W	AAD10	G1(P)	20
YJL214W	HXT8	G2/M	137
YIL115C	NUP159	G2/M	138
YDR480W	DIG2	G1/S	46
YNR016C	ACC1	G1	204
YKR008W	RSC4	S	75
YKL062W	MSN4	G2	125
YHR099W	TRA1	G1(P)	32
YGR026W		G1/S	54
YFR028C	CDC14	M	146
YER091C	MET6	G1(P)	20
YDL028C	MPS1	M	164
YIR017C	MET28	S	59
YHR104W	GRE3	M	146
YFL045C	SEC53	G1/S	39
YCR084C	TUP1	S	87
YCL001W	RER1	G2	98
YBR299W	MAL32	S	76
YBL082C	RHK1	G1(P)	23
YPL264C		G1	246
YOR304C-A	G1	288
YNL066W	SUN4	M/G1	185
YML120C	NDI1	G1/S	52
YLL023C		M	173
YKR101W	SIR1	S	69
YKL223W		S	56
YKL052C	ASK1	M	161
YHR119W	SET1	G1(P)	0
YGR252W	GCN5	G1/S	54
YGL259W	YPS5	G2	128
YDR460W	TFB3	G1(P)	18
YBR078W	ECM33	G1(P)	22
YAL060W	BDH1	G2/M	131
YNL180C	RHO5	G1	212
YMR208W	ERG12	S	76
YLR335W	NUP2	G2	96
YLR314C	CDC3	S	74
YHR179W	OYE2	G1(P)	294
YGL125W	MET13	G1(P)	29
YDR506C		G2	119
YDR251W	PAM1	G1/S	46
YDR116C	MRPL1	G1/S	42
YDR096W	GIS1	M	160
YPR204W		G1(P)	28
YOL053W		G2	130
YKL104C	GFA1	M/G1	185
YJR116W		G1(P)	36
YIR023W	DAL81	G1(P)	19
YHR146W	CRP1	G1	216
YHR136C	SPL2	G2/M	133
YHR045W		G1(P)	36
YGR062C	COX18	G1/S	44
YBL020W	RFT1	G1(P)	29
YIL063C	YRB2	G2/M	132
YHR205W	SCH9	M	154
YHR175W	CTR2	G1/S	46
YHL046C		G1	229
YGL037C	PNC1	M	170
YEL036C	ANP1	G1(P)	10
YDR061W		G1/S	52
YDR034C	LYS14	G2	100
YDL135C	RDI1	G1/S	48
YBR049C	REB1	M	159
YPL274W	SAM3	S	73
YOR377W	ATF1	G2/M	136
YOR085W	OST3	S	58
YNR026C	SEC12	G1(P)	10
YMR105C	PGM2	G2/M	140
YLR108C		G1	204
YHL021C		G2/M	138
YGR289C	MAL11	M	164
YDR336W		M	162
YBL061C	SKT5	G1(P)	19
YOR228C		M	164
YOR187W	TUF1	G2	108
YNL322C	KRE1	G1(P)	294
YLR424W		M	171
YLR393W	ATP10	G1/S	50
YLR354C	TAL1	G2/M	134
YJR127C	ZMS1	G1	234
YIL126W	STH1	S	64
YGL128C	CWC23	G1	273
YBR094W		G1	262
YPL055C	LGE1	G1(P)	294
YPL016W	SWI1	M	162
YMR270C	RRN9	S	78
YMR070W	MOT3	M/G1	182
YKL001C	MET14	G1(P)	18
YIL138C	TPM2	S	80
YER113C		G1(P)	22
YBR059C	AKL1	M	174
YAL053W		G1(P)	2
YNL303W		S	60
YLR180W	SAM1	G1(P)	14
YDR399W	HPT1	G1(P)	14
YBR215W	HPC2	S	70
YBR157C	ICS2	M	158
YAR068W		G1(P)	7
YPR091C		G1	254
YNL116W		M	160
YNL052W	COX5A	G2	104
YML127W	RSC9	G1(P)	8
YML072C		G1	203
YLL061W	MMP1	G1(P)	296
YKR029C	SET3	G1(P)	23
YIL119C	RPI1	G1	216
YGL035C	MIG1	G2/M	135
YEL025C		S	78
YDR325W	YCG1	S	78
YDR041W	RSM10	G1(P)	36
YPL247C		M	173
YOR363C	PIP2	M	146
YGR204W	ADE3	G1(P)	22
YAL040C	CLN3	G1(P)	20
YOR191W	RIS1	M/G1	192
YLR304C	ACO1	G2/M	134
YLR088W	GAA1	G1	212
YKR098C	UBP11	G2/M	142
YHR016C	YSC84	G2/M	142
YFR015C	GSY1	G2/M	138
YDR122W	KIN1	M	164
YDL027C		M	173
YBR204C		M	154
YBR103W	SIF2	G2	127
YAR035W	YAT1	M	150
YPR141C	KAR3	S	62
YPL123C	RNY1	M	172
YNL036W	NCE103	M	166
YLR389C	STE23	G1(P)	29
YLL003W	SFI1	G2/M	138
YKR091W	SRL3	S	58
YJL062W	LAS21	G1/S	52
YER033C	ZRG8	G1	214
YEL071W	DLD3	G1(P)	20
YDR502C	SAM2	G2	92
YDR213W	UPC2	G1(P)	297
YDR085C	AFR1	M	170
YCR034W	FEN1	S	79
YOR279C	RFM1	G1(P)	20
YNL172W	APC1	G2	123
YMR295C		G2	97
YMR252C		G2/M	136
YLL012W		G1(P)	6
YKR021W		G2	114
YKR001C	VPS1	M	148
YIL157C		G2/M	132
YIL147C	SLN1	S	56
YGR227W	DIE2	G1	261
YER114C	BOI2	G1	234
YDL058W	USO1	G1/S	54
YOR018W	ROD1	M	161
YLR348C	DIC1	M	146
YLR288C	MEC3	G1	233
YJL134W	LCB3	G1(P)	19
YJL093C	TOK1	M	164
YGL242C		G1/S	47
YDR497C	ITR1	G2	104
YCR005C	CIT2	G1(P)	35
YBR296C	PHO89	G1(P)	33
YBL001C	ECM15	M	155
YBL004W	UTP20	G1(P)	9
YBL052C	SAS3	S	79
YBL064C	PRX1	M	158
YBR043C		M	157
YBR053C		M	176
YBR067C	TIP1	M	160
YBR160W	CDC28	G1(P)	30
YBR162C		G2	91
YBR218C	PYC2	G1	262
YBR242W		G1(P)	4
YBR252W	DUT1	S	60
YBR287W		G1(P)	26
YCL027W	FUS1	M	165
YCL038C	ATG22	G1	236
YCR086W	CSM1	S	68
YDL031W	DBP10	G1(P)	300
YDL037C	BSC1	G1(P)	2
YDL048C	STP4	G2	94
YDL089W		G1(P)	38
YDL117W	CYK3	M	167
YDL124W		M	178
YDR001C	NTH1	M	160
YDR346C	SVF1	S	88
YDR368W	YPR1	M	154
YDR383C	NKP1	M	156
YDR461W	MFA1	G1	242
YDR493W		G1/S	44
YDR523C	SPS1	G1	242
YER018C	SPC25	G1/S	42
YER019W	ISC1	G1/S	41
YER042W	MXR1	M/G1	188
YER150W	SPI1	M	157
YFL006W		M	153
YFL011W	HXT10	M	154
YFL026W	STE2	G1	235
YFL044C		G1	266
YFR002W	NIC96	S	80
YGL032C	AGA2	G1	250
YGL089C	MF(ALPHA)2	G2	128
YGL255W	ZRT1	G1(P)	300
YGR065C	VHT1	G1/S	55
YGR138C	TPO2	S	70
YGR146C		M	154
YGR234W	YHB1	G2	126
YGR284C	ERV29	G1	210
YHR022C		M	156
YHR030C	SLT2	S	64
YHR126C		G1(P)	8
YHR137W	ARO9	G2/M	140
YHR178W	STB5	G1	237
YIL117C	PRM5	G1	279
YIL167W		G2	122
YJL099W	CHS6	G1	222
YJL217W		M	150
YJR001W	AVT1	G2	105
YJR110W		M	167
YJR112W	NNF1	G1	286
YJR137C	ECM17	G1(P)	22
YKL032C	IXR1	M	161
YKL043W	PHD1	S	89
YKL048C	ELM1	S	85
YKL065C		G1	216
YKL069W		G1	234
YKL103C	LAP4	M	164
YKL127W	PGM1	G2	124
YKL129C	MYO3	M	156
YKL151C		M	146
YKL172W	EBP2	G1(P)	6
YKL209C	STE6	G1	248
YKR042W	UTH1	G1(P)	16
YKR046C	PET10	M	160
YLR058C	SHM2	G1(P)	17
YLR099C	ICT1	G1(P)	15
YLR209C	PNP1	S	84
YLR258W	GSY2	M	163
YLR286C	CTS1	M/G1	190
YLR303W	MET17	G1(P)	23
YLR413W		G1(P)	20
YLR452C	SST2	S	72
YML100W	TSL1	M	160
YML123C	PHO84	G1(P)	26
YML125C		G1(P)	293
YMR015C	ERG5	G1	270
YMR055C	BUB2	G1	290
YMR163C		S	58
YMR189W	GCV2	G1(P)	12
YMR198W	CIK1	S	78
YMR202W	ERG2	G2	104
YMR238W	DFG5	G1	286
YNL037C	IDH1	G1/S	53
YNL053W	MSG5	G1(P)	292
YNL056W		G1(P)	10
YNL111C	CYB5	G1(P)	292
YNL134C		G1	256
YNL145W	MFA2	G1(P)	4
YNL173C	MDG1	G2/M	145
YNR044W	AGA1	M	155
YNR050C	LYS9	G1(P)	16
YOL014W		G1(P)	5
YOL016C	CMK2	M	148
YOL088C	MPD2	M	154
YOR104W	PIN2	G1	287
YOR129C		S	58
YOR130C	ORT1	G1	280
YOR152C		G1	200
YOR153W	PDR5	G1(P)	14
YOR256C		M/G1	186
YOR273C	TPO4	G2/M	141
YOR283W		G1(P)	2
YOR308C	SNU66	G1(P)	6
YOR355W	GDS1	M	172
YPL058C	PDR12	S	72
YPL075W	GCR1	S	61
YPL133C	RDS2	G1	232
YPL187W	MF(ALPHA)1	G1(P)	31
YPR013C		G1(P)	22
YPR052C	NHP6A	S	83
YPR111W	DBF20	G2/M	133
YPR155C	NCA2	M	150
YPR159W	KRE6	G1(P)	24
YPR167C	MET16	G1(P)	10
